,0
0,Cavaliers
1,Lakers
2,Lakers
3,Suns
4,[IND] Tyler Hansbrough
5,Spurs
6,Bullets
7,Wizards
8,Clippers
9,Spurs
10,76ers
11,Bulls
12,[IND] Roy Hibbert
13,Mavericks
14,Spurs
15,Thunder
16,Rockets
17,Lakers
18,[DAL] Dirk Nowitzki
19,Heat
20,Kings
21,Thunder
22,Mavericks
23,Heat
24,Heat
25,Spurs
26,Spurs
27,Heat
28,Heat
29,76ers
30,Pelicans
31,Raptors
32,Lakers
33,Clippers
34,Lakers
35,Trail Blazers
36,Rockets
37,Raptors
38,New Jersey Nets
39,[BRA] Nenê
40,76ers
41,Cavaliers
42,Spurs
43,Spurs
44,Spurs
45,Argentina
46,Rockets
47,Bulls
48,Spurs
49,Spurs
50,Bulls
51,Heat
52,Heat
53,Heat
54,Heat
55,Pacers
56,Knicks
57,Rockets
58,Hornets
59,Bulls
60,Cavaliers
61,Heat
62,Trail Blazers
63,Spurs
64,Thunder
65,Heat
66,[MIA] Voshon Lenard
67,Lakers
68,Spurs
69,Raptors
70,76ers
71,Raptors
72,Cavaliers
73,Raptors
74,Cavaliers
75,Timberwolves
76,[NYK] Carmelo Anthony
77,Heat
78,Spurs
79,Lakers
80,Cavaliers
81,Spurs
82,Raptors
83,Trail Blazers
84,Suns
85,Celtics
86,Kings
87,Nets
88,Knicks
89,Pacers
90,Heat
91,Mavericks
92,Bulls
93,Heat
94,Wizards
95,Heat
96,Spurs
97,Pacers
98,[TOR] Tracy McGrady
99,Spurs
100,Wizards
101,Heat
102,Spurs
103,Thunder
104,Lakers
105,Cavaliers
106,Australia
107,Bulls
108,Supersonics
109,Spurs
110,Spurs
111,Knicks
112,Warriors
113,Cavaliers
114,Hawks
115,NBA
116,Spurs
117,Knicks
118,USA
119,Pacers
120,Knicks
121,Jazz
122,Knicks
123,Celtics
124,Heat
125,Raptors
126,Lakers
127,Timberwolves
128,Spurs
129,NBA
130,Argentina
131,Spurs
132,Spurs
133,Spurs
134,Thunder
135,Lakers
136,Spurs
137,Rockets
138,Bulls
139,Suns
140,Mavericks
141,West
142,Grizzlies
143,Bulls
144,Lakers
145,[IND] Roy Hibbert
146,Heat
147,Pistons
148,Lakers
149,Wizards
150,Spurs
151,Mavericks
152,[PHX] Pat Burke
153,Bulls
154,Bulls
155,Knicks
156,Mavericks
157,Cavaliers
158,Heat
159,Spurs
160,Lakers
161,Heat
162,Warriors
163,[MIA] LeBron James
164,Nigeria
165,Mavericks
166,Thunder
167,Thunder
168,Raptors
169,Mavericks
170,Heat
171,Bulls
172,Hawks
173,Spurs
174,Nigeria
175,Thunder
176,Thunder
177,Rockets
178,Rockets
179,Bulls
180,Bulls
181,Timberwolves
182,Heat
183,Celtics
184,Supersonics
185,Lakers
186,Timberwolves
187,Kings
188,Spurs
189,Pacers
190,Rockets
191,Rockets
192,Clippers
193,Rockets
194,West
195,Bulls
196,Spurs
197,East
198,Raptors
199,Mavericks
200,Suns
201,[MIA] Dwyane Wade
202,76ers
203,76ers
204,Heat
205,Bulls
206,Pistons
207,Raptors
208,Trail Blazers
209,USA
210,Spurs
211,Celtics
212,Rockets
213,Pacers
214,Lakers
215,Knicks
216,Lakers
217,Thunder
218,Lakers
219,Magic
220,Cavaliers
221,Charlotte Bobcats
222,Mavericks
223,Thunder
224,Spurs
225,NBA
226,Cavaliers
227,Celtics
228,Suns
229,Suns
230,Pelicans
231,[HOU] Moochie Norris
232,Bucks
233,Raptors
234,Heat
235,[IND] Reggie Miller
236,Wizards
237,Spurs
238,Heat
239,Heat
240,Spurs
241,Celtics
242,Lakers
243,Suns
244,Bulls
245,NBA
246,Heat
247,Spurs
248,Timberwolves
249,Nets
250,Lakers
251,NBA
252,Lakers
253,Pistons
254,Spurs
255,Cavaliers
256,Bucks
257,Heat
258,Spurs
259,Lakers
260,Lakers
261,Wizards
262,Spurs
263,[MIA] Steven Adams
264,Wizards
265,Bullets
266,Rockets
267,Lakers
268,Kings
269,Spurs
270,Bulls
271,Magic
272,Hornets
273,Lakers
274,Heat
275,Spurs
276,[SAS] David Robinson
277,Kings
278,Lakers
279,Lakers
280,Spurs
281,Celtics
282,Bulls
283,Lakers
284,Kings
285,[HOU] James Harden
286,Pistons
287,Magic
288,Spurs
289,Suns
290,Mavericks
291,Magic
292,Supersonics
293,Heat
294,Spurs
295,Spurs
296,Knicks
297,Pacers
298,Cavaliers
299,Pacers
300,Supersonics
301,Heat
302,Spurs
303,Bulls
304,Spurs
305,Pacers
306,Raptors
307,Hawks
308,Heat
309,Hornets
310,Spurs
311,Raptors
312,Magic
313,Wizards
314,Timberwolves
315,Spurs
316,Spurs
317,Lakers
318,USA
319,Heat
320,Spurs
321,Kings
322,Bulls
323,Mavericks
324,76ers
325,Celtics
326,Bulls
327,Spurs
328,Knicks
329,Raptors
330,Mavericks
331,Suns
332,Bulls
333,Heat
334,USA
335,Suns
336,Raptors
337,76ers
338,Spurs
339,Clippers
340,Bucks
341,Raptors
342,[POR] LaMarcus Aldridge
343,Heat
344,Spurs
345,Heat
346,NBA
347,Hawks
348,Spurs
349,Celtics
350,Knicks
351,Mavericks
352,Spurs
353,Spurs
354,Lakers
355,Celtics
356,Supersonics
357,Hornets
358,Celtics
359,Spurs
360,Bulls
361,Kings
362,Rockets
363,Heat
364,Mavericks
365,Kings
366,Rockets
367,Bulls
368,Lakers
369,Bulls
370,Knicks
371,Spurs
372,Bulls
373,Knicks
374,East
375,Lakers
376,Warriors
377,Spurs
378,[TOR] Amir Johnson
379,Knicks
380,Thunder
381,Jason Willams
382,Lakers
383,Spurs
384,Kings
385,[MIA] Steven Adams
386,Thunder
387,Thunder
388,Knicks
389,Knicks
390,Clippers
391,Mavericks
392,Pacers
393,Hawks
394,West
395,Suns
396,Cavaliers
397,Rockets
398,Mavericks
399,Spurs
400,Clippers
401,Rockets
402,[IND] Paul George
403,Suns
404,Heat
405,Kings
406,Heat
407,Warriors
408,NBA
409,[BRA] Nenê
410,76ers
411,Nuggets
412,Celtics
413,San Diego Clippers
414,Spurs
415,Lakers
416,Spurs
417,Mavericks
418,Heat
419,Bullets
420,Knicks
421,Warriors
422,Grizzlies
423,Jazz
424,Knicks
425,Mavericks
426,NBA
427,76ers
428,Knicks
429,Nuggets
430,Celtics
431,Pacers
432,Rockets
433,Pacers
434,Clippers
435,Heat
436,Heat
437,Bulls
438,Mavericks
439,Nuggets
440,Hornets
441,Raptors
442,Spurs
443,Suns
444,Lakers
445,Celtics
446,Spurs
447,Clippers
448,Bulls
449,Heat
450,Heat
451,Lakers
452,Bulls
453,Bucks
454,Rockets
455,NBA
456,Cavaliers
457,Supersonics
458,[MIA] Voshon Lenard
459,Bulls
460,Cavaliers
461,Suns
462,New Jersey Nets
463,Heat
464,Supersonics
465,[HOU] Tracy McGrady
466,Lakers
467,Trail Blazers
468,Celtics
469,Lakers
470,[AUS] Patty Mills
471,Knicks
472,NBA
473,[HOU] Chandler Parsons
474,Hawks
475,Heat
476,Lakers
477,Heat
478,Hawks
479,Nuggets
480,Bulls
481,San Diego Clippers
482,Lakers
483,Spurs
484,Bulls
485,Spurs
486,Thunder
487,Heat
488,Spurs
489,Rockets
490,Heat
491,Pacers
492,Lakers
493,Knicks
494,Bulls
495,Pacers
496,Knicks
497,Supersonics
498,Cavaliers
499,Suns
500,Lakers
501,Raptors
502,Pistons
503,Mavericks
504,Lakers
505,Suns
506,Trail Blazers
507,Heat
508,Cavaliers
509,Grizzlies
510,Kings
511,Heat
512,Warriors
513,[SAS] Manu Ginobili
514,[POR] Damian Lillard
515,Spurs
516,Spurs
517,Cavaliers
518,Lakers
519,Spurs
520,Lakers
521,Rockets
522,Spurs
523,Magic
524,Supersonics
525,Bulls
526,Spurs
527,76ers
528,NBA
529,76ers
530,Spurs
531,Wizards
532,San Diego Clippers
533,Heat
534,Spurs
535,Kings
536,Celtics
537,Supersonics
538,Wizards
539,Knicks
540,Pacers
541,West
542,Thunder
543,Raptors
544,76ers
545,Spurs
546,Celtics
547,Jason Willams
548,Pacers
549,Heat
550,[DAL] Dirk Nowitzki
551,Bulls
552,Spurs
553,Wizards
554,Supersonics
555,Nets
556,Suns
557,Trail Blazers
558,Heat
559,Spurs
560,Mavericks
561,Trail Blazers
562,Mavericks
563,Spurs
564,Trail Blazers
565,Raptors
566,Spurs
567,Spurs
568,Heat
569,Pacers
570,Wizards
571,Celtics
572,Bulls
573,Thunder
574,Celtics
575,Kings
576,Nuggets
577,Magic
578,Magic
579,Knicks
580,[BOS] Kelly Olynyk
581,Spurs
582,Grizzlies
583,Spurs
584,Heat
585,Heat
586,Raptors
587,[TOR] Rudy Gay
588,Spurs
589,Suns
590,Magic
591,Supersonics
592,Cavaliers
593,Cavaliers
594,Heat
595,Spurs
596,Spurs
597,Spurs
598,Pistons
599,Suns
600,Thunder
601,Suns
602,Mavs
603,Kings
604,Heat
605,Bulls
606,NBA
607,NBA
608,Rockets
609,Spurs
610,Bulls
611,Heat
612,Thunder
613,Pacers
614,Thunder
615,Heat
616,Heat
617,Raptors
618,Kings
619,Raptors
620,Nuggets
621,Bulls
622,Knicks
623,Grizzlies
624,Lakers
625,Knicks
626,Heat
627,Pistons
628,Spurs
629,Cavaliers
630,NBA
631,NBA
632,Celtics
633,[CHI] Luol Deng
634,Warriors
635,Thunder
636,Pacers
637,Celtics
638,Spurs
639,NBA
640,Cavaliers
641,Lakers
642,Trail Blazers
643,Thunder
644,Bulls
645,Heat
646,Spurs
647,[BOS] Bill Russell
648,Jazz
649,Spurs
650,76ers
651,Heat
652,New Jersey Nets
653,Bulls
654,Kings
655,USA
656,[LAC] Jared Dudley
657,Pistons
658,Pacers
659,Heat
660,Spurs
661,Raptors
662,Heat
663,[HOU] Moochie Norris
664,Hornets
665,Mavericks
666,Thunder
667,Pacers
668,Clippers
669,Kings
670,Suns
671,Heat
672,Raptors
673,Magic
674,Cavaliers
675,Thunder
676,Spurs
677,Celtics
678,[MIA] Dwyane Wade
679,Spurs
680,Cavaliers
681,Rockets
682,Spain
683,Suns
684,Thunder
685,Heat
686,Cavaliers
687,NBA
688,Hornets
689,Lakers
690,Charlotte Bobcats
691,Bulls
692,Suns
693,Canada
694,USA
695,NBA
696,Heat
697,Cavaliers
698,Spurs
699,Thunder
700,76ers
701,Raptors
702,Celtics
703,Braves
704,Kings
705,Supersonics
706,Bulls
707,Cavaliers
708,Mavericks
709,Celtics
710,Bulls
711,Knicks
712,Spurs
713,Trail Blazers
714,Knicks
715,Bulls
716,Wizards
717,New Orleans Hornets
718,Cavaliers
719,Bucks
720,Hawks
721,Raptors
722,Bulls
723,NBA
724,Knicks
725,Spurs
726,Thunder
727,Suns
728,Heat
729,Spurs
730,Bulls
731,Spurs
732,Magic
733,Spurs
734,Hornets
735,Heat
736,Lakers
737,[SAS] Patty Mills
738,Spurs
739,Bulls
740,Bulls
741,Bulls
742,[CLE] Dion Waiters
743,Wizards
744,Hornets
745,Kings
746,Supersonics
747,Spurs
748,Celtics
749,Spurs
750,Kings
751,NBA
752,Warriors
753,Lakers
754,Thunder
755,Knicks
756,NBA
757,[LAL] Pau Gasol
758,Mavs
759,Warriors
760,76ers
761,Warriors
762,Kings
763,Cavaliers
764,Raptors
765,Knicks
766,Thunder
767,Spurs
768,Warriors
769,Heat
770,Bulls
771,Celtics
772,Spurs
773,Bulls
774,Suns
775,Lakers
776,Cavaliers
777,Bulls
778,Heat
779,Lakers
780,[LAL] Kobe Bryant
781,Rockets
782,Mavericks
783,Supersonics
784,Kings
785,Spurs
786,Nuggets
787,Bulls
788,Bulls
789,Rockets
790,Supersonics
791,Trail Blazers
792,Wizards
793,Rockets
794,Grizzlies
795,[HOU] James Harden
796,Magic
797,Raptors
798,[NYK] Patrick Ewing
799,Spurs
800,Cavaliers
801,Spurs
802,Nuggets
803,Lakers
804,Celtics
805,Hawks
806,Nets
807,Raptors
808,NBA
809,Bulls
810,Mavericks
811,Spurs
812,Cavaliers
813,Knicks
814,Celtics
815,Rockets
816,Spurs
817,Celtics
818,Spurs
819,Kings
820,76ers
821,Heat
822,Lakers
823,USA
824,Spurs
825,Lakers
826,Lakers
827,Heat
828,76ers
829,NBA
830,Spurs
831,Pacers
832,Hawks
833,Knicks
834,Vancouver Grizzlies
835,Lakers
836,Suns
837,Spurs
838,Raptors
839,Lakers
840,Bucks
841,Knicks
842,Spurs
843,Suns
844,Supersonics
845,Lakers
846,Celtics
847,Kings
848,Heat
849,Rockets
850,Spurs
851,Trail Blazers
852,Bulls
853,Heat
854,Bulls
855,Celtics
856,Lakers
857,[TOR] Rudy Gay
858,Kings
859,Mavericks
860,Heat
861,Spurs
862,Suns
863,Rockets
864,Bulls
865,Heat
866,Raptors
867,Spurs
868,Warriors
869,Heat
870,Timberwolves
871,Raptors
872,Heat
873,Mavs
874,Heat
875,Knicks
876,Celtics
877,Knicks
878,Thunder
879,Knicks
880,Magic
881,Heat
882,76ers
883,76ers
884,76ers
885,Spurs
886,Supersonics
887,Spurs
888,Knicks
889,NBA
890,Bulls
891,Bulls
892,Spurs
893,[HOU] Moochie Norris
894,Cavaliers
895,Spurs
896,Lakers
897,Spurs
898,Heat
899,Kings
900,Pacers
901,Kings
902,Spurs
903,Heat
904,Rockets
905,Trail Blazers
906,Heat
907,Pistons
908,Spurs
909,Thunder
910,Spurs
911,Supersonics
912,Tunisia
913,Spurs
914,Suns
915,Heat
916,Knicks
917,Cavaliers
918,Celtics
919,Knicks
920,Spurs
921,Lakers
922,Knicks
923,Celtics
924,Raptors
925,Bulls
926,Raptors
927,Spurs
928,Bucks
929,Bulls
930,Spurs
931,[MIA] Antoine Walker
932,Wizards
933,Supersonics
934,Heat
935,Timberwolves
936,Hornets
937,Warriors
938,NBA
939,76ers
940,USA
941,Celtics
942,Warriors
943,Magic
944,Supersonics
945,Supersonics
946,Hornets
947,Pistons
948,Pacers
949,Bulls
950,Spurs
951,Spurs
952,Spurs
953,Bulls
954,Rockets
955,Bulls
956,Heat
957,Spurs
958,Knicks
959,Cavaliers
960,NBA
961,Nets
962,Bucks
963,Lakers
964,Raptors
965,Spurs
966,Raptors
967,Spurs
968,Kings
969,Lakers
970,NBA
971,Knicks
972,Cavaliers
973,[LAL] Steve Nash
974,Thunder
975,Heat
976,Bulls
977,Rockets
978,Rockets
979,Supersonics
980,Bulls
981,Spurs
982,Spurs
983,Thunder
984,Heat
985,Celtics
986,Rockets
987,76ers
988,Lakers
989,Bulls
990,Mavericks
991,Timberwolves
992,Lakers
993,Spurs
994,Heat
995,Wizards
996,Spurs
997,Pacers
998,Spurs
999,[MEM] Jeremy Lin
1000,Mavs
1001,76ers
1002,76ers
1003,[POR] LaMarcus Aldridge
1004,Heat
1005,Wizards
1006,Celtics
1007,Cavaliers
1008,Raptors
1009,Knicks
1010,Knicks
1011,76ers
1012,West
1013,Rockets
1014,Lakers
1015,Lakers
1016,Cavaliers
1017,Wizards
1018,Celtics
1019,Heat
1020,Lakers
1021,Heat
1022,Magic
1023,Mavericks
1024,Clippers
1025,USA
1026,Celtics
1027,Suns
1028,Bulls
1029,Lakers
1030,Thunder
1031,Magic
1032,Rockets
1033,Nets
1034,Magic
1035,Timberwolves
1036,Heat
1037,Heat
1038,Heat
1039,Grizzlies
1040,Timberwolves
1041,Pacers
1042,Pacers
1043,Heat
1044,[DAL] Nick Van Exel
1045,Spurs
1046,Spurs
1047,Raptors
1048,Knicks
1049,Nets
1050,Spurs
1051,France
1052,Heat
1053,Kings
1054,Heat
1055,Nets
1056,NBA
1057,Wizards
1058,Thunder
1059,Suns
1060,Raptors
1061,Pistons
1062,Nets
1063,Nuggets
1064,Knicks
1065,Wizards
1066,Spurs
1067,Spurs
1068,Spurs
1069,Heat
1070,[MIA] Antoine Walker
1071,Heat
1072,Suns
1073,New Jersey Nets
1074,Spurs
1075,Bulls
1076,Rockets
1077,Thunder
1078,Mavericks
1079,Rockets
1080,Raptors
1081,Mavericks
1082,Celtics
1083,Rockets
1084,Heat
1085,Mavericks
1086,Bulls
1087,Spurs
1088,Magic
1089,Mavericks
1090,Nets
1091,Pacers
1092,Lakers
1093,Lakers
1094,Warriors
1095,Bulls
1096,Raptors
1097,76ers
1098,Heat
1099,Spurs
1100,Heat
1101,Mavericks
1102,[WAS] Nene
1103,Knicks
1104,Spurs
1105,Thunder
1106,Heat
1107,76ers
1108,Knicks
1109,Heat
1110,Lakers
1111,Heat
1112,NBA
1113,KnickerBockers
1114,Pelicans
1115,Rockets
1116,Warriors
1117,Wizards
1118,Mavericks
1119,Wizards
1120,[LAL] Kobe Bryant
1121,Heat
1122,Kings
1123,Thunder
1124,Bulls
1125,Warriors
1126,Spurs
1127,[MEM] Marc Gasol
1128,Pistons
1129,Spurs
1130,Cavaliers
1131,Raptors
1132,Suns
1133,Nigeria
1134,Spurs
1135,Magic
1136,Cavaliers
1137,Raptors
1138,[TOR] Jonas Valanciunas 
1139,Mavericks
1140,Lakers
1141,Spurs
1142,Lakers
1143,Suns
1144,New Jersey Nets
1145,Supersonics
1146,Mavericks
1147,NBA
1148,Heat
1149,Knicks
1150,Warriors
1151,Cavaliers
1152,Spurs
1153,Heat
1154,Bulls
1155,Grizzlies
1156,Heat
1157,76ers
1158,Suns
1159,Canada
1160,[UTA] John Stockton
1161,Spurs
1162,Spurs
1163,Celtics
1164,Raptors
1165,76ers
1166,Spurs
1167,Heat
1168,Thunder
1169,Mavs
1170,Bulls
1171,Bucks
1172,Lakers
1173,Lakers
1174,Nuggets
1175,Spurs
1176,Raptors
1177,Bulls
1178,[CHI] Jimmy Butler
1179,Heat
1180,Knicks
1181,Spurs
1182,Lakers
1183,Spurs
1184,Heat
1185,Spurs
1186,Spurs
1187,Raptors
1188,Bulls
1189,Knicks
1190,[LAL] Kobe Bryant
1191,NBA
1192,Warriors
1193,Lakers
1194,Suns
1195,Knicks
1196,Celtics
1197,Bulls
1198,Heat
1199,Heat
1200,Pacers
1201,Jason Willams
1202,Spurs
1203,Kings
1204,Kings
1205,Spurs
1206,USA
1207,NBA
1208,USA
1209,Heat
1210,Spurs
1211,Lakers
1212,[LAL] Steve Nash
1213,Spurs
1214,Heat
1215,76ers
1216,[LAL] Kobe Bryant
1217,Lakers
1218,Nuggets
1219,Cavaliers
1220,Wizards
1221,Rockets
1222,Spurs
1223,Bulls
1224,Spurs
1225,Spurs
1226,Bulls
1227,Spurs
1228,Cavaliers
1229,Clippers
1230,Knicks
1231,Cavaliers
1232,Bulls
1233,Bulls
1234,Warriors
1235,Pacers
1236,France
1237,Mavericks
1238,Spurs
1239,Heat
1240,Bulls
1241,Spurs
1242,Spurs
1243,Lakers
1244,Heat
1245,Spurs
1246,Knicks
1247,Hawks
1248,Knicks
1249,[DAL] Dirk Nowitzki
1250,Heat
1251,Trail Blazers
1252,Knicks
1253,Magic
1254,Spurs
1255,Nuggets
1256,Pacers
1257,Spurs
1258,Rockets
1259,Suns
1260,Spurs
1261,Rockets
1262,[CHI] Luol Deng
1263,Lakers
1264,Cavaliers
1265,Spurs
1266,Spurs
1267,Spurs
1268,Mavericks
1269,Spurs
1270,Lakers
1271,NBA
1272,Raptors
1273,Heat
1274,Heat
1275,Suns
1276,Heat
1277,Spurs
1278,Spurs
1279,Mavericks
1280,Celtics
1281,Spurs
1282,Spurs
1283,Braves
1284,Lakers
1285,[DAL] Dirk Nowitzki
1286,Mavericks
1287,Mavericks
1288,Mavericks
1289,Mavericks
1290,Spurs
1291,Bulls
1292,Spurs
1293,Hornets
1294,USA
1295,USA
1296,Spurs
1297,Suns
1298,Nuggets
1299,Rockets
1300,Bulls
1301,Heat
1302,[NYK] Carmelo Anthony
1303,Bulls
1304,Spurs
1305,Lakers
1306,Heat
1307,Clippers
1308,Bulls
1309,Kings
1310,Cavaliers
1311,Bulls
1312,Bulls
1313,Celtics
1314,Heat
1315,Spurs
1316,76ers
1317,Spurs
1318,Knicks
1319,Lakers
1320,Great Britain
1321,Hornets
1322,Spurs
1323,Minneapolis Lakers
1324,Heat
1325,Raptors
1326,Thunder
1327,Celtics
1328,Pacers
1329,Lakers
1330,Heat
1331,NBA
1332,Bulls
1333,Nets
1334,Spurs
1335,Spurs
1336,Thunder
1337,Cavaliers
1338,Bulls
1339,Great Britain
1340,Lakers
1341,Heat
1342,Bucks
1343,West
1344,Kings
1345,Thunder
1346,Spurs
1347,Lakers
1348,Thunder
1349,Hawks
1350,Spurs
1351,Spurs
1352,East
1353,Spurs
1354,Mavericks
1355,Celtics
1356,Mavericks
1357,Pacers
1358,Suns
1359,Canada
1360,[WAS] Bradley Beal
1361,Knicks
1362,Celtics
1363,Lakers
1364,USA
1365,Suns
1366,Celtics
1367,Timberwolves
1368,[MIA] LeBron James
1369,Spurs
1370,Heat
1371,Jazz
1372,Pistons
1373,Mavericks
1374,Bulls
1375,[HOU] Moochie Norris
1376,Lakers
1377,Kyrie Irving
1378,Mavericks
1379,Spurs
1380,Heat
1381,Thunder
1382,Warriors
1383,Suns
1384,76ers
1385,[SAS] David Robinson
1386,Lakers
1387,Wizards
1388,Spurs
1389,Spurs
1390,Kings
1391,Brooklyn Nets
1392,Suns
1393,Nuggets
1394,Bullets
1395,Wizards
1396,[TOR] Vince Carter
1397,Bucks
1398,Mavericks
1399,Mavericks
1400,Lakers
1401,Spurs
1402,Celtics
1403,Supersonics
1404,Mavericks
1405,Mavericks
1406,Knicks
1407,USA
1408,Rockets
1409,Lakers
1410,Rockets
1411,Heat
1412,Heat
1413,Pelicans
1414,Lakers
1415,Thunder
1416,Bulls
1417,Spurs
1418,Heat
1419,Kings
1420,Spurs
1421,Trail Blazers
1422,Kings
1423,Heat
1424,Grizzlies
1425,Heat
1426,Bulls
1427,[CHI] Jimmy Butler
1428,Pistons
1429,Spurs
1430,Knicks
1431,Heat
1432,Cavaliers
1433,Bulls
1434,Bulls
1435,[PHX] Goran Dragic
1436,[SEA] Ray Allen
1437,Spurs
1438,Raptors
1439,[SAS] George Gervin
1440,[MIA] Dwyane Wade
1441,Heat
1442,Pacers
1443,Suns
1444,Spurs
1445,Grizzlies
1446,NBA
1447,[TOR] Jonas Valanciunas 
1448,Spurs
1449,Kings
1450,Cavaliers
1451,Thunder
1452,Heat
1453,Heat
1454,Heat
1455,Heat
1456,Bulls
1457,Clippers
1458,Vancouver Grizzlies
1459,Heat
1460,Heat
1461,Raptors
1462,Mavericks
1463,Bulls
1464,[NBA] Michael Jordan
1465,Pistons
1466,Clippers
1467,Heat
1468,Nuggets
1469,Heat
1470,Spurs
1471,Cavaliers
1472,Heat
1473,Warriors
1474,Pacers
1475,Thunder
1476,Knicks
1477,Spurs
1478,Spurs
1479,Lakers
1480,Cavaliers
1481,[LAL] Kobe Bryant
1482,Heat
1483,Bulls
1484,Pistons
1485,Spurs
1486,Timberwolves
1487,Mavericks
1488,Mavericks
1489,Celtics
1490,Heat
1491,Timberwolves
1492,Celtics
1493,Pacers
1494,NBA
1495,Pacers
1496,Bulls
1497,Celtics
1498,Wizards
1499,Lakers
1500,San Diego Clippers
1501,Celtics
1502,Lakers
1503,Celtics
1504,Bulls
1505,NBA
1506,Suns
1507,Bulls
1508,Raptors
1509,Bulls
1510,Heat
1511,Lakers
1512,Celtics
1513,Bulls
1514,Timberwolves
1515,Knicks
1516,Raptors
1517,Raptors
1518,Lakers
1519,Pacers
1520,Suns
1521,Raptors
1522,Lakers
1523,Pistons
1524,Raptors
1525,Mavericks
1526,Rockets
1527,Mavericks
1528,Celtics
1529,Kings
1530,[SAS] George Gervin
1531,Bulls
1532,Spurs
1533,Bulls
1534,76ers
1535,Rockets
1536,[HOU] Tracy McGrady
1537,Spurs
1538,Heat
1539,Suns
1540,Lakers
1541,Spurs
1542,[CHI] Joakim Noah
1543,Heat
1544,Bulls
1545,Spurs
1546,Magic
1547,Pacers
1548,Celtics
1549,Heat
1550,[LAL] Kwame Brown
1551,Lakers
1552,Celtics
1553,Argentina
1554,Bulls
1555,Pacers
1556,NBA
1557,NBA
1558,Magic
1559,Supersonics
1560,Hawks
1561,Supersonics
1562,Timberwolves
1563,Trail Blazers
1564,Bulls
1565,Heat
1566,Bucks
1567,[GSW] Andrew Bogut
1568,Heat
1569,Cavaliers
1570,Trail Blazers
1571,Knicks
1572,Knicks
1573,Celtics
1574,Thunder
1575,Celtics
1576,[BKN] Vince Carter
1577,Hornets
1578,Bulls
1579,Kings
1580,76ers
1581,Trail Blazers
1582,Heat
1583,Bulls
1584,Rockets
1585,Bulls
1586,[CHI] Derrick Rose
1587,Nets
1588,Bulls
1589,Lakers
1590,Heat
1591,Heat
1592,Heat
1593,Lakers
1594,Hawks
1595,Supersonics
1596,Spurs
1597,76ers
1598,Supersonics
1599,Spurs
1600,Spurs
1601,Pacers
1602,Hawks
1603,Cavaliers
1604,Pacers
1605,Heat
1606,Hornets
1607,Lakers
1608,Thunder
1609,Rockets
1610,Mavericks
1611,76ers
1612,Bulls
1613,[DAL] Dirk Nowitzki
1614,Pelicans
1615,Lakers
1616,Spurs
1617,Spurs
1618,Spurs
1619,Bulls
1620,Bulls
1621,Spurs
1622,Bulls
1623,Charlotte Hornets
1624,Heat
1625,Thunder
1626,Mavericks
1627,Heat
1628,NBA
1629,Trail Blazers
1630,Heat
1631,Heat
1632,Heat
1633,Mavericks
1634,Mavericks
1635,Spurs
1636,Jazz
1637,[DET] Tracy McGrady
1638,Heat
1639,Spurs
1640,Wizards
1641,Spurs
1642,Trail Blazers
1643,Mavericks
1644,Timberwolves
1645,Bulls
1646,Bulls
1647,Lakers
1648,Celtics
1649,Spurs
1650,Thunder
1651,Rockets
1652,Celtics
1653,Bulls
1654,USA
1655,Hawks
1656,Heat
1657,[SAS] David Robinson
1658,Heat
1659,Bulls
1660,Bulls
1661,Spurs
1662,Spurs
1663,Heat
1664,Bulls
1665,Lakers
1666,Heat
1667,Heat
1668,NBA
1669,[MIA] LeBron James
1670,Celtics
1671,[BRA] Nenê
1672,Jason Willams
1673,[HOU] Moochie Norris
1674,Raptors
1675,Bulls
1676,Suns
1677,Spurs
1678,Knicks
1679,Lakers
1680,Spurs
1681,Magic
1682,Pacers
1683,Rockets
1684,Grizzlies
1685,Supersonics
1686,Mavericks
1687,[DET] Ben Wallace
1688,Bulls
1689,Spurs
1690,Supersonics
1691,Lakers
1692,76ers
1693,Lakers
1694,Spurs
1695,Bulls
1696,Lakers
1697,Celtics
1698,Celtics
1699,Lakers
1700,Warriors
1701,Lakers
1702,Bulls
1703,Nuggets
1704,Lakers
1705,Wizards
1706,Spurs
1707,Lakers
1708,Bulls
1709,Bulls
1710,Celtics
1711,Spurs
1712,NBA
1713,Trail Blazers
1714,[POR] Arvydas Sabonis
1715,Knicks
1716,West
1717,New Jersey Nets
1718,Pistons
1719,Jazz
1720,Raptors
1721,Lakers
1722,Heat
1723,Spurs
1724,Cavaliers
1725,[SA] David Robinson
1726,Spurs
1727,[BRA] Nenê
1728,Nets
1729,Mavericks
1730,Spurs
1731,Spurs
1732,Magic
1733,Spurs
1734,Australia
1735,Wizards
1736,Heat
1737,76ers
1738,Bulls
1739,Pacers
1740,Bulls
1741,Spurs
1742,Spurs
1743,Spurs
1744,Magic
1745,Lakers
1746,Bulls
1747,Hornets
1748,Grizzlies
1749,Trail Blazers
1750,[HOU] James Harden
1751,Bulls
1752,Spurs
1753,Trail Blazers
1754,Mavericks
1755,Mavericks
1756,Hawks
1757,Clippers
1758,Lakers
1759,Lakers
1760,Raptors
1761,Spurs
1762,Nets
1763,Supersonics
1764,Rockets
1765,Spurs
1766,Spurs
1767,Heat
1768,Suns
1769,Knicks
1770,76ers
1771,Spurs
1772,[BOS] Bill Russell
1773,Warriors
1774,76ers
1775,NBA
1776,Spurs
1777,Heat
1778,Spurs
1779,Mavs
1780,Thunder
1781,Spurs
1782,Bulls
1783,Rockets
1784,Kings
1785,USA
1786,Mavericks
1787,Lakers
1788,Warriors
1789,NBA
1790,NBA
1791,West
1792,Mavericks
1793,Spurs
1794,Pacers
1795,Pistons
1796,Thunder
1797,Bulls
1798,Trail Blazers
1799,Pacers
1800,Lakers
1801,Warriors
1802,[DAL] Vince Carter
1803,Suns
1804,Charlotte Hornets
1805,Supersonics
1806,Knicks
1807,Supersonics
1808,Spurs
1809,Mavericks
1810,Mavericks
1811,NBA
1812,Lakers
1813,Heat
1814,Hornets
1815,Heat
1816,Grizzlies
1817,Lakers
1818,Bulls
1819,Spurs
1820,[MIA] LeBron James
1821,NBA
1822,Lakers
1823,Trail Blazers
1824,Warriors
1825,76ers
1826,Kings
1827,Timberwolves
1828,Spurs
1829,Spurs
1830,Bucks
1831,Lakers
1832,USA
1833,Australia
1834,Wizards
1835,Raptors
1836,Thunder
1837,NBA
1838,Spurs
1839,Cavaliers
1840,Nets
1841,[SAS] Manu Ginobili
1842,Clippers
1843,Heat
1844,Lakers
1845,Pacers
1846,Timberwolves
1847,Cavaliers
1848,Raptors
1849,Spurs
1850,Spurs
1851,Knicks
1852,NBA
1853,Hornets
1854,Heat
1855,Cavaliers
1856,Heat
1857,Warriors
1858,Spurs
1859,Spurs
1860,West
1861,Cavaliers
1862,Rockets
1863,Vancouver Grizzlies
1864,Bulls
1865,Suns
1866,Pelicans
1867,Bulls
1868,West
1869,Cavaliers
1870,Celtics
1871,Suns
1872,Mavericks
1873,Knicks
1874,Bulls
1875,Lakers
1876,NBA
1877,[LAL] Kobe Bryant
1878,Spurs
1879,Spurs
1880,NBA
1881,Raptors
1882,Trail Blazers
1883,San Diego Clippers
1884,NBA
1885,Spurs
1886,Spurs
1887,Lakers
1888,Rockets
1889,Celtics
1890,Mavericks
1891,Heat
1892,Bulls
1893,Warriors
1894,Thunder
1895,[ORL] Kobe Bryant
1896,Kings
1897,Thunder
1898,Bulls
1899,Bulls
1900,USA
1901,Mavericks
1902,Bulls
1903,Spurs
1904,Clippers
1905,Nuggets
1906,Bulls
1907,Cavaliers
1908,Celtics
1909,Celtics
1910,Spurs
1911,Timberwolves
1912,Bulls
1913,Cavaliers
1914,[MIA] Dwyane Wade
1915,Lakers
1916,Mavericks
1917,Trail Blazers
1918,Mavericks
1919,Heat
1920,Spain
1921,Knicks
1922,Knicks
1923,Spurs
1924,Rockets
1925,Hornets
1926,Cavaliers
1927,Lakers
1928,Rockets
1929,Celtics
1930,Mavericks
1931,West
1932,Timberwolves
1933,Spurs
1934,Bulls
1935,Rockets
1936,Heat
1937,[TOR] Kyle Lowry
1938,Spurs
1939,Mavericks
1940,Spurs
1941,Wizards
1942,Patrick Ewing
1943,Mavericks
1944,Mavericks
1945,Celtics
1946,Lakers
1947,Bulls
1948,Charlotte Hornets
1949,Bulls
1950,Knicks
1951,Heat
1952,Heat
1953,Spurs
1954,Trail Blazers
1955,Heat
1956,Bulls
1957,Suns
1958,Mavericks
1959,Bulls
1960,Kings
1961,Spurs
1962,Spurs
1963,Great Britain
1964,Spurs
1965,Bulls
1966,Clippers
1967,Hawks
1968,Heat
1969,Mavericks
1970,[DET] Tracy McGrady
1971,Spurs
1972,Clippers
1973,Pacers
1974,Kings
1975,Spurs
1976,Heat
1977,Heat
1978,Rockets
1979,NBA
1980,Thunder
1981,Bulls
1982,Pelicans
1983,Cavaliers
1984,Clippers
1985,Knicks
1986,Mavs
1987,[LAL] Kobe Bryant
1988,Heat
1989,Lakers
1990,Heat
1991,Vancouver Grizzlies
1992,Mavericks
1993,Celtics
1994,Spurs
1995,Trail Blazers
1996,Trail Blazers
1997,Thunder
1998,Timberwolves
1999,Timberwolves
2000,Rockets
2001,Spurs
2002,Raptors
2003,[BOS] Paul Pierce
2004,Suns
2005,76ers
2006,Cavaliers
2007,Lakers
2008,76ers
2009,Rockets
2010,Trail Blazers
2011,Spurs
2012,Pacers
2013,Lakers
2014,Hornets
2015,Wizards
2016,Supersonics
2017,Lakers
2018,Bulls
2019,Lakers
2020,Trail Blazers
2021,Heat
2022,Raptors
2023,Spurs
2024,Celtics
2025,76ers
2026,[WAS] Bradley Beal
2027,Knicks
2028,Celtics
2029,Knicks
2030,Cavaliers
2031,Thunder
2032,Kings
2033,Spurs
2034,Spurs
2035,Spurs
2036,Knicks
2037,Celtics
2038,Knicks
2039,USA
2040,Celtics
2041,Bulls
2042,Spurs
2043,Heat
2044,Trail Blazers
2045,[MIA] LeBron James
2046,Warriors
2047,Lakers
2048,Heat
2049,Hornets
2050,Bulls
2051,Hornets
2052,Spurs
2053,Lakers
2054,Pacers
2055,Heat
2056,Heat
2057,Lakers
2058,Timberwolves
2059,Bulls
2060,Rockets
2061,Lakers
2062,Mavericks
2063,Warriors
2064,West
2065,Heat
2066,Knicks
2067,Spurs
2068,USA
2069,Thunder
2070,Spurs
2071,76ers
2072,76ers
2073,Lakers
2074,Spurs
2075,Charlotte Hornets
2076,Lakers
2077,Heat
2078,NBA
2079,Lakers
2080,Magic
2081,Supersonics
2082,Spurs
2083,Magic
2084,Timberwolves
2085,Lakers
2086,Heat
2087,[SAS] George Gervin
2088,Heat
2089,Kings
2090,[DAL] Dirk Nowitzki
2091,Spurs
2092,Raptors
2093,Heat
2094,Suns
2095,Celtics
2096,Lakers
2097,Bulls
2098,Raptors
2099,76ers
2100,Spurs
2101,[CHI] Joakim Noah
2102,Suns
2103,Heat
2104,Suns
2105,Jazz
2106,[SAS] Tony Parker
2107,[MEM] Jeremy Lin
2108,Pelicans
2109,Charlotte Hornets
2110,Bulls
2111,Knicks
2112,Thunder
2113,Knicks
2114,Bucks
2115,Heat
2116,Bulls
2117,[HOU] Jeremy Lin
2118,Lakers
2119,Lakers
2120,Rockets
2121,Trail Blazers
2122,Spurs
2123,Magic
2124,Mavericks
2125,Spurs
2126,Thunder
2127,Spurs
2128,Bulls
2129,Heat
2130,[TOR] Kyle Lowry
2131,Bulls
2132,Heat
2133,Hawks
2134,Raptors
2135,Lakers
2136,Cavaliers
2137,East
2138,Spurs
2139,Knicks
2140,Celtics
2141,Heat
2142,Mavericks
2143,Raptors
2144,Knicks
2145,Nets
2146,Heat
2147,Heat
2148,Celtics
2149,Celtics
2150,Celtics
2151,Lakers
2152,Suns
2153,Cavaliers
2154,Cavaliers
2155,Thunder
2156,Bulls
2157,Knicks
2158,Mavericks
2159,Nets
2160,Spurs
2161,76ers
2162,Knicks
2163,Nets
2164,Lakers
2165,Lakers
2166,Spurs
2167,Lakers
2168,Hornets
2169,Mavericks
2170,Heat
2171,Bucks
2172,Magic
2173,Celtics
2174,Knicks
2175,[SAS] Tony Parker
2176,[MIA] LeBron James
2177,Spurs
2178,Lakers
2179,Celtics
2180,Heat
2181,Pelicans
2182,Lakers
2183,[MIA] Chris Anderson
2184,Spurs
2185,Rockets
2186,Thunder
2187,Spurs
2188,Clippers
2189,Nets
2190,San Diego Clippers
2191,Knicks
2192,Lakers
2193,Russia
2194,Bullets
2195,Kings
2196,Knicks
2197,Knicks
2198,Spurs
2199,Lakers
2200,Warriors
2201,Suns
2202,Lakers
2203,Spurs
2204,Mavericks
2205,Spurs
2206,Celtics
2207,Kings
2208,Spurs
2209,Lakers
2210,Lakers
2211,Nigeria
2212,Kings
2213,Bulls
2214,Rockets
2215,Wizards
2216,Heat
2217,Spurs
2218,Trail Blazers
2219,Raptors
2220,Spurs
2221,[LAL] Kwame Brown
2222,Cavaliers
2223,Bulls
2224,Bulls
2225,Wizards
2226,Heat
2227,Cavaliers
2228,Bullets
2229,Bulls
2230,Raptors
2231,Raptors
2232,Pelicans
2233,NBA
2234,Warriors
2235,Spurs
2236,Spurs
2237,Hawks
2238,Lakers
2239,Lakers
2240,Spurs
2241,Pistons
2242,Grizzlies
2243,Rockets
2244,USA
2245,Spurs
2246,Spurs
2247,Bucks
2248,USA
2249,Kings
2250,Warriors
2251,Pelicans
2252,Spurs
2253,Mavs
2254,Lakers
2255,Cavaliers
2256,Hornets
2257,Lakers
2258,Lakers
2259,Lakers
2260,West
2261,Bulls
2262,Spurs
2263,Bulls
2264,Warriors
2265,Nets
2266,NBA
2267,Pacers
2268,Magic
2269,NBA
2270,Heat
2271,Clippers
2272,Lakers
2273,Celtics
2274,Celtics
2275,[LAL] Austin Rivers
2276,USA
2277,[NBA] Michael Jordan
2278,Spurs
2279,Vancouver Grizzlies
2280,Pelicans
2281,Spurs
2282,Bulls
2283,Wizards
2284,Mavericks
2285,Warriors
2286,Knicks
2287,Charlotte Hornets
2288,Timberwolves
2289,Suns
2290,Warriors
2291,Australia
2292,USA
2293,Celtics
2294,Spurs
2295,Charlotte Hornets
2296,Mavericks
2297,Rockets
2298,[SA] David Robinson
2299,Spurs
2300,[NOP] Anthony Davis
2301,Celtics
2302,[BOS] Brian Scalabrine
2303,Mavericks
2304,Trail Blazers
2305,Thunder
2306,Heat
2307,Mavericks
2308,Raptors
2309,Lakers
2310,Hawks
2311,[LAL] Austin Rivers
2312,Spurs
2313,San Diego Clippers
2314,USA
2315,Bulls
2316,Heat
2317,East
2318,Nets
2319,76ers
2320,Cavaliers
2321,Knicks
2322,Celtics
2323,[DAL] Nick Van Exel
2324,Kings
2325,Thunder
2326,Charlotte Hornets
2327,Heat
2328,Bulls
2329,Mavericks
2330,USA
2331,Bulls
2332,Trail Blazers
2333,Bullets
2334,Spurs
2335,Thunder
2336,Spurs
2337,[HOU] Patrick Beverley
2338,Bulls
2339,Wizards
2340,Nuggets
2341,Pelicans
2342,Rockets
2343,Spurs
2344,[POR] Arvydas Sabonis
2345,Clippers
2346,[IND] Roy Hibbert
2347,Raptors
2348,Celtics
2349,Supersonics
2350,[DAL] Dirk Nowitzki
2351,Celtics
2352,Knicks
2353,Cavaliers
2354,Cavaliers
2355,Spurs
2356,[IND] Roy Hibbert
2357,Rockets
2358,Knicks
2359,Timberwolves
2360,Heat
2361,Cavaliers
2362,Rockets
2363,Trail Blazers
2364,Spurs
2365,Knicks
2366,Pacers
2367,Celtics
2368,Heat
2369,76ers
2370,Pelicans
2371,Spurs
2372,Wizards
2373,Spurs
2374,Lakers
2375,Heat
2376,Magic
2377,Kings
2378,Spurs
2379,Raptors
2380,Spurs
2381,Cavaliers
2382,Heat
2383,Hornets
2384,Mavericks
2385,Nets
2386,Heat
2387,Spurs
2388,Pacers
2389,Spurs
2390,West
2391,Cavaliers
2392,Pacers
2393,Spurs
2394,Mavericks
2395,Bulls
2396,Spurs
2397,Thunder
2398,Heat
2399,Pelicans
2400,Timberwolves
2401,[NOP] Marco Belinelli
2402,Rockets
2403,Heat
2404,Spurs
2405,NBA
2406,Supersonics
2407,Spurs
2408,Kings
2409,Warriors
2410,[UTA] John Stockton
2411,Trail Blazers
2412,Bulls
2413,[SEA] Ray Allen
2414,Lakers
2415,Spurs
2416,Spurs
2417,Pacers
2418,Mavs
2419,[TOR] Vince Carter
2420,Timberwolves
2421,Cavaliers
2422,Knicks
2423,Heat
2424,[DAL] Dirk Nowitzki
2425,Suns
2426,Spurs
2427,Suns
2428,Pacers
2429,Supersonics
2430,Spurs
2431,Celtics
2432,Spurs
2433,Lakers
2434,Lakers
2435,NBA
2436,Cavaliers
2437,Bulls
2438,Toronto Huskies
2439,Warriors
2440,[DAL] Dirk Nowitzki
2441,Heat
2442,Knicks
2443,Pacers
2444,Hornets
2445,Trail Blazers
2446,Pacers
2447,[ORL] Victor Oladipo
2448,Bulls
2449,Bulls
2450,Suns
2451,Raptors
2452,OKC Hornets
2453,Bulls
2454,Wizards
2455,Bulls
2456,Cavaliers
2457,Knicks
2458,Celtics
2459,Pistons
2460,Trail Blazers
2461,Bulls
2462,Bulls
2463,Mavericks
2464,West
2465,Thunder
2466,Kings
2467,Pistons
2468,Clippers
2469,Heat
2470,Celtics
2471,Lakers
2472,Heat
2473,Lakers
2474,Knicks
2475,Heat
2476,[LAL] Kobe Bryant
2477,Bulls
2478,Pelicans
2479,[TOR] Jonas Valanciunas
2480,Spurs
2481,Timberwolves
2482,Trail Blazers
2483,Heat
2484,NBA
2485,Mavericks
2486,Wizards
2487,Bulls
2488,Thunder
2489,Trail Blazers
2490,Clippers
2491,Heat
2492,Timberwolves
2493,Bulls
2494,Suns
2495,Rockets
2496,Knicks
2497,Wizards
2498,Bulls
2499,Spurs
2500,Mavericks
2501,[LAL] Kobe Bryant
2502,Spurs
2503,Jazz
2504,Lakers
2505,Jazz
2506,Spurs
2507,Lithuania
2508,Raptors
2509,Pistons
2510,Heat
2511,Knicks
2512,Lakers
2513,Raptors
2514,Cavaliers
2515,Magic
2516,Suns
2517,Lakers
2518,Bullets
2519,Suns
2520,Bulls
2521,Australia
2522,Heat
2523,Spurs
2524,Spurs
2525,Kings
2526,Mavericks
2527,Warriors
2528,Spurs
2529,Kings
2530,Heat
2531,Heat
2532,Heat
2533,Thunder
2534,Lakers
2535,Timberwolves
2536,76ers
2537,Knicks
2538,East
2539,Spurs
2540,Spurs
2541,Antawn Jamison
2542,76ers
2543,Lakers
2544,Thunder
2545,Minneapolis Lakers
2546,Bulls
2547,Kings
2548,Celtics
2549,Mavericks
2550,Supersonics
2551,Jazz
2552,Bucks
2553,Bulls
2554,Knicks
2555,76ers
2556,Rockets
2557,[MEM] Tony Allen
2558,Thunder
2559,Lakers
2560,Thunder
2561,Heat
2562,Timberwolves
2563,Hornets
2564,Heat
2565,Kings
2566,Knicks
2567,Spurs
2568,Spurs
2569,Spurs
2570,Lakers
2571,Kings
2572,Spurs
2573,Celtics
2574,Heat
2575,Spurs
2576,Cavaliers
2577,Spurs
2578,Heat
2579,Spurs
2580,New Orleans Hornets
2581,Mavericks
2582,76ers
2583,Knicks
2584,[LAL] Phil Jackson
2585,Pacers
2586,76ers
2587,Heat
2588,Charlotte Hornets
2589,Clippers
2590,Celtics
2591,Wizards
2592,Heat
2593,Rockets
2594,Thunder
2595,Timberwolves
2596,Spurs
2597,Nets
2598,Knicks
2599,Spurs
2600,Rockets
2601,NBA
2602,Mavericks
2603,Lakers
2604,Mavericks
2605,Spurs
2606,Nuggets
2607,San Diego Clippers
2608,Spurs
2609,Lakers
2610,Knicks
2611,Pacers
2612,Timberwolves
2613,Bulls
2614,Bulls
2615,Wizards
2616,Spurs
2617,New Jersey Nets
2618,Rockets
2619,Rockets
2620,Bulls
2621,Bulls
2622,Celtics
2623,Mavericks
2624,76ers
2625,Heat
2626,Thunder
2627,Celtics
2628,Heat
2629,Suns
2630,Thunder
2631,Celtics
2632,Pelicans
2633,Spurs
2634,Celtics
2635,Magic
2636,Supersonics
2637,76ers
2638,Kings
2639,Mavericks
2640,Mavericks
2641,Thunder
2642,[MIA] LeBron James
2643,Spurs
2644,Lakers
2645,[BOS] Jeff Green
2646,Cavaliers
2647,Heat
2648,[BOS] Bill Russell
2649,Pacers
2650,Bulls
2651,Pacers
2652,KnickerBockers
2653,Heat
2654,Bulls
2655,Bulls
2656,Hornets
2657,Spurs
2658,Mavericks
2659,Bulls
2660,[SAS] Tony Parker
2661,Grizzlies
2662,Raptors
2663,Trail Blazers
2664,Trail Blazers
2665,Mavericks
2666,San Diego Clippers
2667,USA
2668,Spurs
2669,Spurs
2670,Lakers
2671,Nets
2672,Heat
2673,Lakers
2674,Clippers
2675,Thunder
2676,Trail Blazers
2677,Celtics
2678,Wizards
2679,Knicks
2680,Jason Willams
2681,Celtics
2682,Raptors
2683,Heat
2684,Bulls
2685,Lakers
2686,Nets
2687,Thunder
2688,[LAL] Kwame Brown
2689,New Jersey Nets
2690,Knicks
2691,Spurs
2692,Mavericks
2693,Kings
2694,Lakers
2695,Suns
2696,Cavaliers
2697,[SAC] Peja Stojaković
2698,Mavericks
2699,Heat
2700,Lakers
2701,[HOU] Moochie Norris
2702,Spurs
2703,Heat
2704,Bulls
2705,Bulls
2706,Lakers
2707,Bulls
2708,Mavericks
2709,Trail Blazers
2710,Supersonics
2711,Heat
2712,Mavericks
2713,Lakers
2714,Supersonics
2715,[BOS] Kevin McHale
2716,Lakers
2717,[HOU] Dwight Howard
2718,Supersonics
2719,Cavaliers
2720,Thunder
2721,Nets
2722,Lakers
2723,Bucks
2724,Spurs
2725,Nets
2726,Heat
2727,Spurs
2728,Knicks
2729,Rockets
2730,[BOS] Bill Russell
2731,Knicks
2732,Mavericks
2733,Rockets
2734,Heat
2735,Mavericks
2736,Lakers
2737,Warriors
2738,Cavaliers
2739,Spurs
2740,[GSW] Andrew Bogut
2741,Magic
2742,Braves
2743,Spurs
2744,Heat
2745,Warriors
2746,Magic
2747,Heat
2748,Pistons
2749,Trail Blazers
2750,Heat
2751,[IND] Paul George
2752,Bulls
2753,Mavericks
2754,Nets
2755,Spurs
2756,Magic
2757,Knicks
2758,Bulls
2759,[HOU] James Harden
2760,Bulls
2761,Lakers
2762,Suns
2763,76ers
2764,Spurs
2765,Knicks
2766,[DAL] Dirk Nowitzki
2767,Supersonics
2768,Kings
2769,France
2770,[PHX] Goran Dragic
2771,Pacers
2772,Suns
2773,Celtics
2774,Heat
2775,Mavericks
2776,Lakers
2777,Jazz
2778,Rockets
2779,Knicks
2780,Cavaliers
2781,[MIA] Antoine Walker
2782,Heat
2783,Suns
2784,Bulls
2785,Hornets
2786,Heat
2787,Bulls
2788,Suns
2789,[NYK] Carmelo Anthony
2790,Heat
2791,Heat
2792,76ers
2793,Magic
2794,Bulls
2795,Lakers
2796,Bulls
2797,Mavericks
2798,Bulls
2799,Trail Blazers
2800,Kings
2801,Raptors
2802,Spurs
2803,Spurs
2804,Knicks
2805,Canada
2806,Lakers
2807,Raptors
2808,76ers
2809,Spurs
2810,Cavaliers
2811,76ers
2812,Pelicans
2813,Spurs
2814,Supersonics
2815,Spurs
2816,Pacers
2817,[TOR] Aaron Gray
2818,Mavericks
2819,Rockets
2820,Nuggets
2821,Spurs
2822,Lakers
2823,Bulls
2824,Spurs
2825,Heat
2826,Trail Blazers
2827,Hornets
2828,NBA
2829,Bulls
2830,Spurs
2831,Spurs
2832,Celtics
2833,Spurs
2834,Pistons
2835,Heat
2836,Kings
2837,76ers
2838,Lakers
2839,Lakers
2840,Heat
2841,Bulls
2842,Heat
2843,Warriors
2844,Knicks
2845,Bucks
2846,[BOS] Bill Russell
2847,Spurs
2848,Heat
2849,Raptors
2850,Lakers
2851,Celtics
2852,[MIA] Mario Chalmers
2853,Spurs
2854,Lakers
2855,Spurs
2856,Kings
2857,Knicks
2858,Hawks
2859,Mavericks
2860,Spurs
2861,Celtics
2862,Spurs
2863,[BOS] Bill Russell
2864,Spurs
2865,Heat
2866,Celtics
2867,Lakers
2868,NBA
2869,Thunder
2870,Supersonics
2871,Heat
2872,Rockets
2873,Spurs
2874,Heat
2875,Celtics
2876,Lakers
2877,Mavericks
2878,Kings
2879,Hornets
2880,Vancouver Grizzlies
2881,Cavaliers
2882,Pacers
2883,Mavericks
2884,Spurs
2885,Heat
2886,Warriors
2887,Spurs
2888,USA
2889,Pistons
2890,Heat
2891,Great Britain
2892,Celtics
2893,Suns
2894,Jazz
2895,Celtics
2896,Mavericks
2897,Celtics
2898,Thunder
2899,Bulls
2900,Bulls
2901,Pacers
2902,Magic
2903,Spurs
2904,Rockets
2905,Bulls
2906,Jazz
2907,[LAL] Kobe Bryant
2908,Heat
2909,Lakers
2910,Suns
2911,Heat
2912,Kings
2913,Thunder
2914,Celtics
2915,Spurs
2916,Raptors
2917,Nuggets
2918,Warriors
2919,Mavericks
2920,Celtics
2921,76ers
2922,Celtics
2923,[OKC] Russell Westbrook
2924,Bulls
2925,Warriors
2926,Mavericks
2927,Kings
2928,Trail Blazers
2929,Bulls
2930,Hornets
2931,Spurs
2932,Pistons
2933,Knicks
2934,Mavericks
2935,Lakers
2936,Supersonics
2937,Heat
2938,Supersonics
2939,Wizards
2940,Pacers
2941,Thunder
2942,Spurs
2943,Knicks
2944,Heat
2945,Thunder
2946,Warriors
2947,76ers
2948,Suns
2949,Bucks
2950,Rockets
2951,Spurs
2952,Spurs
2953,Kings
2954,Thunder
2955,Wizards
2956,Bulls
2957,Trail Blazers
2958,Thunder
2959,Raptors
2960,Toronto Huskies
2961,Cavaliers
2962,Spurs
2963,Mavericks
2964,Heat
2965,Spurs
2966,Raptors
2967,Suns
2968,Spurs
2969,Celtics
2970,USA
2971,New Jersey Nets
2972,Celtics
2973,Jazz
2974,Lakers
2975,Spurs
2976,[NBA] Michael Jordan
2977,NBA
2978,Rockets
2979,Supersonics
2980,Rockets
2981,Rockets
2982,Hawks
2983,Suns
2984,Spurs
2985,[POR] Arvydas Sabonis
2986,Wizards
2987,Lakers
2988,Kings
2989,Spurs
2990,Argentina
2991,Heat
2992,Mavericks
2993,Lakers
2994,[NOP] Marco Belinelli
2995,Spurs
2996,Thunder
2997,Rockets
2998,Heat
2999,Pacers
3000,Kawhi Leonard
3001,[PHX] Pat Burke
3002,Mavericks
3003,Spurs
3004,Pistons
3005,Lakers
3006,Lakers
3007,Rockets
3008,Bulls
3009,Bulls
3010,Spurs
3011,Spurs
3012,Spurs
3013,[CHI] Joakim Noah
3014,Lakers
3015,Thunder
3016,Cavaliers
3017,Spurs
3018,Thunder
3019,[MIA] Voshon Lenard
3020,Lakers
3021,Suns
3022,Spurs
3023,Heat
3024,Pacers
3025,Heat
3026,Spurs
3027,Hornets
3028,Heat
3029,Bulls
3030,Heat
3031,Warriors
3032,Bulls
3033,Bulls
3034,Heat
3035,Heat
3036,Raptors
3037,Spurs
3038,Lakers
3039,Bulls
3040,Suns
3041,Cavaliers
3042,Rockets
3043,[HOU] James Harden
3044,Celtics
3045,Magic
3046,Pacers
3047,Spurs
3048,Spurs
3049,Raptors
3050,Nets
3051,Pistons
3052,Supersonics
3053,Rockets
3054,Spurs
3055,Lakers
3056,Spurs
3057,76ers
3058,Spurs
3059,Spurs
3060,Charlotte Hornets
3061,[LAL] Kobe Bryant
3062,Australia
3063,Spurs
3064,Mavericks
3065,Celtics
3066,Hornets
3067,[WAS] Nene
3068,Heat
3069,Heat
3070,Hawks
3071,Spurs
3072,[WAS] John Wall
3073,[HOU] Moochie Norris
3074,Nuggets
3075,Nuggets
3076,Celtics
3077,Mavericks
3078,Knicks
3079,Raptors
3080,Lakers
3081,Lakers
3082,[MIA] Voshon Lenard
3083,Spurs
3084,Nets
3085,Supersonics
3086,Hornets
3087,Mavericks
3088,Heat
3089,[MIA] LeBron James
3090,Vancouver Grizzlies
3091,Spurs
3092,Spurs
3093,Kings
3094,Mavericks
3095,Lakers
3096,Lakers
3097,Kings
3098,Warriors
3099,Clippers
3100,Heat
3101,Heat
3102,Spurs
3103,Spurs
3104,Knicks
3105,Lakers
3106,Heat
3107,Heat
3108,Spurs
3109,Knicks
3110,Trail Blazers
3111,Spurs
3112,Bulls
3113,Lakers
3114,Celtics
3115,Clippers
3116,Pistons
3117,Cavaliers
3118,Spurs
3119,Spurs
3120,[MIA] LeBron James
3121,Heat
3122,Heat
3123,Nets
3124,Mavericks
3125,Kings
3126,[POR] Damian Lillard
3127,Supersonics
3128,NBA
3129,Spurs
3130,Raptors
3131,Spurs
3132,Rockets
3133,Pacers
3134,Spurs
3135,Lakers
3136,Bulls
3137,Heat
3138,Heat
3139,Kings
3140,Raptors
3141,Heat
3142,Hawks
3143,Pistons
3144,Pistons
3145,Pacers
3146,Lakers
3147,Supersonics
3148,Cavaliers
3149,Raptors
3150,76ers
3151,Great Britain
3152,Pacers
3153,Raptors
3154,Spurs
3155,Bulls
3156,Thunder
3157,76ers
3158,Heat
3159,Suns
3160,Mavericks
3161,Pacers
3162,[HOU] Moochie Norris
3163,Knicks
3164,USA
3165,Spurs
3166,Mavericks
3167,Bulls
3168,Heat
3169,Pacers
3170,Spurs
3171,Bulls
3172,Pelicans
3173,76ers
3174,Kings
3175,76ers
3176,Bulls
3177,Heat
3178,Spurs
3179,Pacers
3180,Spurs
3181,76ers
3182,Lakers
3183,Lakers
3184,Clippers
3185,Mavericks
3186,Cavaliers
3187,NBA
3188,Knicks
3189,Celtics
3190,Jason Willams
3191,Celtics
3192,Supersonics
3193,Spurs
3194,Trail Blazers
3195,Pacers
3196,Bulls
3197,Cavaliers
3198,Celtics
3199,[NBA] Michael Jordan
3200,Raptors
3201,Knicks
3202,Spurs
3203,Kings
3204,Spurs
3205,Bulls
3206,Bulls
3207,Heat
3208,Bulls
3209,Bulls
3210,Heat
3211,Bulls
3212,[HOU] James Harden
3213,Spurs
3214,Celtics
3215,Heat
3216,Hornets
3217,Spurs
3218,Suns
3219,Bulls
3220,Wizards
3221,Spurs
3222,[LAC] Jared Dudley
3223,Rockets
3224,Spurs
3225,76ers
3226,Bulls
3227,Spurs
3228,Trail Blazers
3229,[SAS] Manu Ginobili
3230,[TOR] Rudy Gay
3231,Lakers
3232,Heat
3233,Raptors
3234,Raptors
3235,[GSW] Wilt Chamberlain
3236,Spurs
3237,Knicks
3238,Trail Blazers
3239,[GSW] Stephen Curry
3240,Spurs
3241,Spurs
3242,Nets
3243,Nets
3244,Charlotte Hornets
3245,Spurs
3246,Lakers
3247,Bulls
3248,Bulls
3249,Nuggets
3250,Rockets
3251,Lakers
3252,76ers
3253,Spurs
3254,Cavaliers
3255,Bulls
3256,Mavericks
3257,Mavericks
3258,Lakers
3259,Pelicans
3260,Heat
3261,Timberwolves
3262,Heat
3263,Bulls
3264,Spurs
3265,Bulls
3266,Heat
3267,Lakers
3268,Bulls
3269,Spurs
3270,Wizards
3271,Bucks
3272,Spurs
3273,Raptors
3274,Spurs
3275,Thunder
3276,Raptors
3277,Pelicans
3278,Lakers
3279,Rockets
3280,West
3281,Heat
3282,[SAS] Tony Parker
3283,Minneapolis Lakers
3284,Bulls
3285,Pelicans
3286,Thunder
3287,Cavaliers
3288,Suns
3289,[MIA] Dwyane Wade
3290,Spurs
3291,Spurs
3292,Pacers
3293,[BOS] Kevin McHale
3294,Suns
3295,Mavericks
3296,[SAS] Tony Parker
3297,Wizards
3298,Heat
3299,Wizards
3300,Heat
3301,Hornets
3302,NBA
3303,Heat
3304,Timberwolves
3305,Bulls
3306,Wizards
3307,Pacers
3308,Spurs
3309,Heat
3310,Charlotte Hornets
3311,Spurs
3312,Supersonics
3313,Spurs
3314,76ers
3315,Celtics
3316,Bulls
3317,Spurs
3318,Bullets
3319,Suns
3320,Lakers
3321,Heat
3322,Celtics
3323,Suns
3324,Celtics
3325,Spurs
3326,Pistons
3327,NBA
3328,Lakers
3329,Spurs
3330,Heat
3331,[DAL] Dirk Nowitzki
3332,Antawn Jamison
3333,Knicks
3334,Thunder
3335,New Jersey Nets
3336,Clippers
3337,[MIA] Dwyane Wade
3338,Knicks
3339,NBA
3340,Cavaliers
3341,Heat
3342,Bulls
3343,Spurs
3344,NBA
3345,Nuggets
3346,Raptors
3347,Celtics
3348,Minneapolis Lakers
3349,Rockets
3350,Thunder
3351,Nuggets
3352,Lakers
3353,Spurs
3354,Raptors
3355,Spurs
3356,Hawks
3357,Spurs
3358,76ers
3359,Heat
3360,[LAL] Magic Johnson
3361,Thunder
3362,Bulls
3363,Spurs
3364,[UTA] John Stockton
3365,Lakers
3366,Kings
3367,[MIA] Dwyane Wade
3368,Suns
3369,Pacers
3370,Celtics
3371,Clippers
3372,Hornets
3373,Pacers
3374,USA
3375,Bulls
3376,Mavericks
3377,Heat
3378,Lakers
3379,Spurs
3380,New Jersey Nets
3381,Rockets
3382,Heat
3383,Kings
3384,Rockets
3385,Bulls
3386,NBA
3387,Vancouver Grizzlies
3388,Mavericks
3389,Heat
3390,Heat
3391,Trail Blazers
3392,Spurs
3393,Spurs
3394,New Jersey Nets
3395,NBA
3396,[MIA] LeBron James
3397,Bulls
3398,Thunder
3399,Timberwolves
3400,Timberwolves
3401,Knicks
3402,Heat
3403,Bulls
3404,76ers
3405,Warriors
3406,Spurs
3407,Knicks
3408,Spurs
3409,West
3410,[BOS] Bill Russell
3411,Timberwolves
3412,Knicks
3413,Spurs
3414,Charlotte Hornets
3415,[BOS] Bill Russell
3416,Lakers
3417,Spurs
3418,Nuggets
3419,Knicks
3420,Magic
3421,Timberwolves
3422,Cavaliers
3423,Heat
3424,Mavericks
3425,Lakers
3426,Spurs
3427,Kings
3428,Spurs
3429,Spurs
3430,Raptors
3431,Bulls
3432,Lakers
3433,[MIA] LeBron James
3434,Spurs
3435,Heat
3436,Suns
3437,Lakers
3438,Spurs
3439,[MIA] Chris Anderson
3440,Bulls
3441,[DAL] Dirk Nowitzki
3442,Mavericks
3443,Pacers
3444,Bulls
3445,Cavaliers
3446,Knicks
3447,Hawks
3448,Suns
3449,Warriors
3450,Pacers
3451,Knicks
3452,Thunder
3453,Knicks
3454,Raptors
3455,Thunder
3456,Hawks
3457,Supersonics
3458,Pistons
3459,Raptors
3460,Mavericks
3461,Heat
3462,Raptors
3463,Timberwolves
3464,Warriors
3465,Heat
3466,Spurs
3467,Spurs
3468,Celtics
3469,Heat
3470,Wizards
3471,Spurs
3472,USA
3473,Spurs
3474,Pacers
3475,Spurs
3476,76ers
3477,Spurs
3478,Wizards
3479,Mavericks
3480,Rockets
3481,Bulls
3482,Lakers
3483,Heat
3484,Celtics
3485,Spurs
3486,Bulls
3487,[NBA] Michael Jordan
3488,Spurs
3489,Spurs
3490,Cavaliers
3491,76ers
3492,[MIA] Voshon Lenard
3493,Mavericks
3494,Rockets
3495,Cavaliers
3496,Bulls
3497,Lakers
3498,Clippers
3499,Celtics
3500,Spurs
3501,Spurs
3502,[DAL] Dirk Nowitzki
3503,Bulls
3504,Lakers
3505,Lakers
3506,Bulls
3507,Cavaliers
3508,Trail Blazers
3509,Suns
3510,Spurs
3511,Hornets
3512,Heat
3513,Nuggets
3514,Supersonics
3515,Spurs
3516,Supersonics
3517,Heat
3518,Suns
3519,[POR] Meyers Leonard
3520,Knicks
3521,Kings
3522,Lakers
3523,Suns
3524,Heat
3525,[DAL] Dirk Nowitzki
3526,Lakers
3527,Suns
3528,Spurs
3529,Celtics
3530,Spurs
3531,Rockets
3532,Warriors
3533,Spurs
3534,Cavaliers
3535,Spurs
3536,Raptors
3537,Heat
3538,Warriors
3539,Spurs
3540,Timberwolves
3541,Rockets
3542,Spurs
3543,Thunder
3544,Pacers
3545,Spurs
3546,Nets
3547,Bulls
3548,OKC Hornets
3549,Spurs
3550,76ers
3551,Lakers
3552,Knicks
3553,Spurs
3554,Heat
3555,Spurs
3556,Supersonics
3557,Mavericks
3558,Spurs
3559,Pistons
3560,Spurs
3561,Rockets
3562,Celtics
3563,[MIA] LeBron James
3564,76ers
3565,Kings
3566,NBA
3567,Mavericks
3568,Spurs
3569,Spurs
3570,Kings
3571,Thunder
3572,Celtics
3573,Clippers
3574,Heat
3575,Kings
3576,Mavericks
3577,Spurs
3578,[OKC] Russell Westbrook
3579,Celtics
3580,Spurs
3581,Wizards
3582,Mavericks
3583,Heat
3584,Bulls
3585,New Jersey Nets
3586,Bulls
3587,Pacers
3588,Trail Blazers
3589,Jazz
3590,Spurs
3591,Spurs
3592,Heat
3593,Warriors
3594,Rockets
3595,Heat
3596,Spurs
3597,Warriors
3598,Lakers
3599,Spurs
3600,Cavaliers
3601,Pacers
3602,Warriors
3603,76ers
3604,Thunder
3605,Knicks
3606,Rockets
3607,Magic
3608,[MIA] Stephen Curry
3609,Knicks
3610,Lakers
3611,Heat
3612,Bulls
3613,NBA
3614,Spurs
3615,Kings
3616,Kings
3617,Lakers
3618,Heat
3619,Pacers
3620,USA
3621,Spurs
3622,Hornets
3623,Rockets
3624,Mavericks
3625,Heat
3626,Heat
3627,Knicks
3628,Spurs
3629,Trail Blazers
3630,Bulls
3631,Spurs
3632,Nuggets
3633,Magic
3634,Mavericks
3635,Warriors
3636,Heat
3637,Pacers
3638,Spurs
3639,Heat
3640,Knicks
3641,Spurs
3642,76ers
3643,Bulls
3644,[UTA] John Stockton
3645,[WAS] John Wall
3646,Mavericks
3647,Heat
3648,Spurs
3649,Suns
3650,Heat
3651,Spurs
3652,Cavaliers
3653,Spurs
3654,Celtics
3655,Heat
3656,[LAL] Pau Gasol
3657,Bulls
3658,USA
3659,76ers
3660,Lakers
3661,Pistons
3662,[LAL] Steve Nash
3663,Spurs
3664,NBA
3665,Mavericks
3666,Heat
3667,Bulls
3668,[NBA] Michael Jordan
3669,Heat
3670,Spurs
3671,Lakers
3672,Wizards
3673,Pelicans
3674,Pacers
3675,Spurs
3676,Bulls
3677,Spurs
3678,Bucks
3679,Rockets
3680,Spurs
3681,Spurs
3682,Lakers
3683,Spurs
3684,Clippers
3685,Pistons
3686,Nets
3687,Pelicans
3688,Nets
3689,Spurs
3690,Suns
3691,Mavs
3692,NBA
3693,76ers
3694,Bucks
3695,Bulls
3696,Mavericks
3697,Heat
3698,Spurs
3699,[CHI] Jimmy Butler
3700,Trail Blazers
3701,Bulls
3702,[MIA] Jason Williams
3703,Bulls
3704,Nuggets
3705,Timberwolves
3706,NBA
3707,Spurs
3708,Celtics
3709,Pacers
3710,Lakers
3711,Thunder
3712,Heat
3713,Cavaliers
3714,Trail Blazers
3715,Lakers
3716,Celtics
3717,Cavaliers
3718,Heat
3719,Knicks
3720,Heat
3721,Bucks
3722,Vancouver Grizzlies
3723,76ers
3724,Spurs
3725,Lakers
3726,West
3727,Knicks
3728,Celtics
3729,NBA
3730,[TOR] Rudy Gay
3731,Spurs
3732,Bulls
3733,Rockets
3734,NBA
3735,Spurs
3736,Spurs
3737,Mavericks
3738,Grizzlies
3739,Knicks
3740,Cavaliers
3741,Suns
3742,Wizards
3743,Knicks
3744,Canada
3745,Thunder
3746,Thunder
3747,Celtics
3748,Celtics
3749,Spurs
3750,Kings
3751,[NOP] Marco Belinelli
3752,Knicks
3753,Brian Scalabrine
3754,Magic
3755,Spurs
3756,Pacers
3757,Heat
3758,Clippers
3759,Celtics
3760,Mavericks
3761,Rockets
3762,Raptors
3763,Knicks
3764,Heat
3765,Hornets
3766,NBA
3767,[SEA] Ray Allen
3768,Lakers
3769,Spurs
3770,Spurs
3771,Magic
3772,Suns
3773,Lakers
3774,Pacers
3775,Pacers
3776,Heat
3777,76ers
3778,Bulls
3779,Hornets
3780,Spurs
3781,Rockets
3782,Lakers
3783,Bulls
3784,Thunder
3785,Lakers
3786,Lakers
3787,Bulls
3788,Lakers
3789,Spurs
3790,[LAL] Kwame Brown
3791,Heat
3792,Spurs
3793,San Diego Clippers
3794,Spurs
3795,Thunder
3796,Spurs
3797,Spurs
3798,Cavaliers
3799,76ers
3800,Rockets
3801,Spurs
3802,Spurs
3803,Cavaliers
3804,Cavaliers
3805,Rockets
3806,Raptors
3807,Bulls
3808,Grizzlies
3809,Bucks
3810,Pacers
3811,Rockets
3812,West
3813,Hornets
3814,76ers
3815,Spurs
3816,Thunder
3817,Mavericks
3818,Bulls
3819,Celtics
3820,Spurs
3821,Charlotte Hornets
3822,Bulls
3823,Trail Blazers
3824,Spurs
3825,Hornets
3826,Mavericks
3827,Spurs
3828,Magic
3829,Rockets
3830,[MIA] LeBron James
3831,Lakers
3832,[MIA] Dwyane Wade
3833,West
3834,Spurs
3835,[PHX] Pat Burke
3836,Bulls
3837,Heat
3838,Nets
3839,NBA
3840,Wizards
3841,Hawks
3842,Lakers
3843,Magic
3844,[NYK] Phil Jackson
3845,Heat
3846,[POR] Arvydas Sabonis
3847,Thunder
3848,Spurs
3849,NBA
3850,Bulls
3851,76ers
3852,Bulls
3853,Celtics
3854,Raptors
3855,Celtics
3856,Heat
3857,Heat
3858,Lakers
3859,[SAS] Manu Ginobili
3860,Pistons
3861,Heat
3862,Heat
3863,Bulls
3864,Spurs
3865,[BOS] Larry Bird
3866,Spurs
3867,Spurs
3868,Bulls
3869,Timberwolves
3870,Thunder
3871,Lakers
3872,Trail Blazers
3873,Wizards
3874,Timberwolves
3875,Rockets
3876,Bulls
3877,Charlotte Hornets
3878,Wizards
3879,Trail Blazers
3880,Pacers
3881,Celtics
3882,[MIA] Dwyane Wade
3883,Lakers
3884,Knicks
3885,USA
3886,Spurs
3887,Bulls
3888,Cavaliers
3889,[MIA] Dwyane Wade
3890,[NBA] Michael Jordan
3891,Nets
3892,Spurs
3893,Thunder
3894,Celtics
3895,Knicks
3896,[SAS] Tony Parker
3897,Pistons
3898,76ers
3899,NBA
3900,Wizards
3901,Spurs
3902,Spurs
3903,Spurs
3904,Nuggets
3905,[LAL] Kwame Brown
3906,Rockets
3907,Heat
3908,Pacers
3909,Warriors
3910,Warriors
3911,Lakers
3912,Lakers
3913,Bulls
3914,Heat
3915,Heat
3916,Lakers
3917,Celtics
3918,Kings
3919,Hornets
3920,Suns
3921,Heat
3922,Heat
3923,Heat
3924,Argentina
3925,Supersonics
3926,Warriors
3927,Spurs
3928,West
3929,Bulls
3930,Raptors
3931,Spurs
3932,Thunder
3933,Clippers
3934,76ers
3935,Knicks
3936,NBA
3937,Heat
3938,Magic
3939,Knicks
3940,Magic
3941,Suns
3942,USA
3943,Knicks
3944,Bulls
3945,Spurs
3946,Spurs
3947,Pacers
3948,Lakers
3949,Spurs
3950,Spurs
3951,Spurs
3952,Lakers
3953,Bulls
3954,Knicks
3955,Bulls
3956,Rockets
3957,Mavericks
3958,Rockets
3959,Thunder
3960,Spurs
3961,Suns
3962,Spurs
3963,Heat
3964,New Jersey Nets
3965,Celtics
3966,Lakers
3967,Heat
3968,Timberwolves
3969,Spurs
3970,Suns
3971,USA
3972,Rockets
3973,Brazil
3974,Spurs
3975,Kings
3976,Spurs
3977,[GSW] Wilt Chamberlain
3978,Thunder
3979,Trail Blazers
3980,Rockets
3981,Nets
3982,Pacers
3983,Toronto Huskies
3984,Celtics
3985,Spurs
3986,NBA
3987,Brooklyn Nets
3988,Knicks
3989,[MIA] Mario Chalmers
3990,Clippers
3991,Spurs
3992,Pacers
3993,Hawks
3994,Rockets
3995,Bulls
3996,Spurs
3997,Pacers
3998,[HOU] Moochie Norris
3999,Spurs
4000,Knicks
4001,Bulls
4002,[MIA] LeBron James
4003,Thunder
4004,Spurs
4005,Lakers
4006,Spurs
4007,Suns
4008,NBA
4009,Bulls
4010,Lakers
4011,Kings
4012,Warriors
4013,Celtics
4014,Lakers
4015,Wizards
4016,Suns
4017,Lakers
4018,Trail Blazers
4019,USA
4020,USA
4021,Supersonics
4022,Supersonics
4023,Hawks
4024,Bulls
4025,Spurs
4026,Knicks
4027,Cavaliers
4028,Pacers
4029,Warriors
4030,Pacers
4031,[CHA] Al Jefferson
4032,Heat
4033,Heat
4034,Spurs
4035,Cavaliers
4036,Spurs
4037,Rockets
4038,[GSW] Baron Davis
4039,[DET] Tracy McGrady
4040,USA
4041,[NBA] Michael Jordan
4042,Lakers
4043,Warriors
4044,Bulls
4045,Great Britain
4046,Spurs
4047,Rockets
4048,Brazil
4049,Kings
4050,Spurs
4051,Hornets
4052,Knicks
4053,Lakers
4054,Bulls
4055,Spurs
4056,Celtics
4057,Spurs
4058,Mavericks
4059,Bulls
4060,Mavericks
4061,Australia
4062,NBA
4063,Mavericks
4064,Heat
4065,[CHI] Joakim Noah
4066,Spurs
4067,Celtics
4068,[POR] Damian Lillard
4069,[UTA] John Stockton
4070,Bulls
4071,Trail Blazers
4072,76ers
4073,Celtics
4074,76ers
4075,Jazz
4076,Knicks
4077,Hornets
4078,Hornets
4079,Heat
4080,Supersonics
4081,Cavaliers
4082,Great Britain
4083,Hornets
4084,[OKC] Russell Westbrook
4085,Kings
4086,Heat
4087,Timberwolves
4088,Heat
4089,[TOR] Aaron Gray
4090,Hornets
4091,Spurs
4092,Spurs
4093,New Jersey Nets
4094,Spurs
4095,Bulls
4096,Timberwolves
4097,Magic
4098,Pacers
4099,Nigeria
4100,Thunder
4101,NBA
4102,[LAC] Jared Dudley
4103,Pacers
4104,Thunder
4105,Bulls
4106,Bulls
4107,Spurs
4108,Knicks
4109,Supersonics
4110,Spurs
4111,Spurs
4112,Lakers
4113,Knicks
4114,Pacers
4115,Pacers
4116,Knicks
4117,Suns
4118,Trail Blazers
4119,[NBA] Michael Jordan
4120,Bulls
4121,Spurs
4122,Bulls
4123,Raptors
4124,Bucks
4125,Clippers
4126,Spurs
4127,Bullets
4128,Pacers
4129,Pistons
4130,Thunder
4131,Suns
4132,Heat
4133,Knicks
4134,Mavericks
4135,Lakers
4136,Rockets
4137,Timberwolves
4138,Bulls
4139,Celtics
4140,Spurs
4141,Cavaliers
4142,Rockets
4143,Kings
4144,Kings
4145,Charlotte Hornets
4146,Spurs
4147,Spurs
4148,Bulls
4149,Warriors
4150,Bulls
4151,Spurs
4152,Heat
4153,Great Britain
4154,Mavs
4155,Celtics
4156,Suns
4157,[SAS] Tony Parker
4158,Brazil
4159,Mavericks
4160,Warriors
4161,Heat
4162,[BOS] Bill Russell
4163,Cavaliers
4164,Suns
4165,Thunder
4166,Kings
4167,Spurs
4168,Jazz
4169,Trail Blazers
4170,Thunder
4171,Timberwolves
4172,Spurs
4173,Heat
4174,Trail Blazers
4175,Heat
4176,Mavs
4177,Hawks
4178,[HOU] Moochie Norris
4179,Mavericks
4180,[LAL] Kobe Bryant
4181,Cavaliers
4182,Rockets
4183,Rockets
4184,Pacers
4185,Spurs
4186,USA
4187,Spurs
4188,Heat
4189,[HOU] Moochie Norris
4190,Vancouver Grizzlies
4191,Heat
4192,Heat
4193,Bulls
4194,Lithuania
4195,Supersonics
4196,Rockets
4197,Heat
4198,Lakers
4199,Heat
4200,Timberwolves
4201,Celtics
4202,Heat
4203,Heat
4204,Raptors
4205,Raptors
4206,Timberwolves
4207,Trail Blazers
4208,Clippers
4209,Kings
4210,Knicks
4211,Celtics
4212,Knicks
4213,Bucks
4214,Knicks
4215,NBA
4216,Jazz
4217,[OKC] Steven Adams
4218,NBA
4219,Bulls
4220,New Jersey Nets
4221,Mavericks
4222,Celtics
4223,Lakers
4224,Cavaliers
4225,Spurs
4226,Heat
4227,Mavericks
4228,Pacers
4229,Celtics
4230,Pistons
4231,Bulls
4232,Nets
4233,Spurs
4234,Pacers
4235,Bulls
4236,Spurs
4237,76ers
4238,Heat
4239,76ers
4240,Mavericks
4241,[MIA] Lebron James
4242,NBA
4243,NBA
4244,Bucks
4245,Celtics
4246,Nets
4247,Spurs
4248,Mavericks
4249,Hornets
4250,Spurs
4251,Spurs
4252,Spurs
4253,Knicks
4254,Lakers
4255,Lakers
4256,Lithuania
4257,Pacers
4258,Bulls
4259,Clippers
4260,Lakers
4261,USA
4262,Heat
4263,Magic
4264,Hornets
4265,Heat
4266,Mavericks
4267,Trail Blazers
4268,[MEM] Marc Gasol
4269,Heat
4270,Braves
4271,Lakers
4272,Nets
4273,Spurs
4274,Knicks
4275,Supersonics
4276,Spurs
4277,Pacers
4278,Heat
4279,Warriors
4280,Lakers
4281,Knicks
4282,Heat
4283,Bulls
4284,76ers
4285,Spurs
4286,Raptors
4287,Spurs
4288,NBA
4289,Spurs
4290,Spurs
4291,Trail Blazers
4292,Pistons
4293,Heat
4294,Spurs
4295,Celtics
4296,Mavericks
4297,Rockets
4298,Trail Blazers
4299,Heat
4300,Timberwolves
4301,Bulls
4302,Pacers
4303,Celtics
4304,[UTA] John Stockton
4305,Lakers
4306,Celtics
4307,Heat
4308,Kings
4309,Heat
4310,Spurs
4311,Thunder
4312,Bullets
4313,Mavericks
4314,[PHX] Pat Burke
4315,Supersonics
4316,USA
4317,Mavericks
4318,Lakers
4319,Bulls
4320,Spurs
4321,Lakers
4322,[HOU] Tracy McGrady
4323,Spurs
4324,Bulls
4325,Lakers
4326,Celtics
4327,Spurs
4328,Heat
4329,Lakers
4330,Spurs
4331,[PHI] Julius Erving
4332,Bulls
4333,Wizards
4334,Bulls
4335,Timberwolves
4336,Hornets
4337,Celtics
4338,Bulls
4339,Spurs
4340,Nets
4341,Heat
4342,Generals
4343,Grizzlies
4344,Trail Blazers
4345,Bulls
4346,Heat
4347,Mavericks
4348,Nets
4349,Grizzlies
4350,Bulls
4351,Warriors
4352,Lakers
4353,Lakers
4354,Bucks
4355,Bulls
4356,Warriors
4357,Heat
4358,76ers
4359,NBA
4360,Warriors
4361,Spurs
4362,Heat
4363,[DAL] Dirk Nowitzki
4364,Spurs
4365,Cavaliers
4366,Spurs
4367,Lakers
4368,Heat
4369,Knicks
4370,Celtics
4371,Knicks
4372,Lakers
4373,Knicks
4374,Lakers
4375,Bulls
4376,Trail Blazers
4377,Spurs
4378,[DET] Josh Smith
4379,Pistons
4380,Bulls
4381,NBA
4382,Spurs
4383,Spurs
4384,Lakers
4385,Grizzlies
4386,Heat
4387,Nets
4388,Spurs
4389,Spurs
4390,Magic
4391,Bulls
4392,Bulls
4393,Bulls
4394,Cavaliers
4395,Spurs
4396,Thunder
4397,Knicks
4398,Magic
4399,Mavericks
4400,Charlotte Hornets
4401,Celtics
4402,Cavaliers
4403,Lakers
4404,Spurs
4405,Raptors
4406,Warriors
4407,Celtics
4408,Kings
4409,Rockets
4410,Mavericks
4411,Spurs
4412,Lakers
4413,Lakers
4414,Spurs
4415,Spurs
4416,Wizards
4417,Spurs
4418,Suns
4419,Mavericks
4420,Heat
4421,NBA
4422,Wizards
4423,Bulls
4424,Mavericks
4425,Pacers
4426,OKC Hornets
4427,Spurs
4428,NBA
4429,Magic
4430,Lakers
4431,Suns
4432,Rockets
4433,Lakers
4434,Cavaliers
4435,Lakers
4436,Spurs
4437,[CHI] Jimmy Butler
4438,Knicks
4439,Hornets
4440,Spurs
4441,Lakers
4442,Suns
4443,Hawks
4444,76ers
4445,Warriors
4446,Celtics
4447,Supersonics
4448,Cavaliers
4449,Bulls
4450,Raptors
4451,Clippers
4452,Clippers
4453,Thunder
4454,Rockets
4455,Knicks
4456,Kings
4457,Spurs
4458,Bulls
4459,USA
4460,[MIA] Dwyane Wade
4461,USA
4462,Bulls
4463,Lakers
4464,Hornets
4465,Lakers
4466,Bulls
4467,Spurs
4468,Warriors
4469,Bullets
4470,[MIA] LeBron James
4471,Pistons
4472,Rockets
4473,Bulls
4474,Metta World Peace
4475,[SAS] Tony Parker
4476,Timberwolves
4477,Thunder
4478,Bulls
4479,Spurs
4480,Cavaliers
4481,76ers
4482,Knicks
4483,NBA
4484,76ers
4485,Lakers
4486,Knicks
4487,Spurs
4488,Pacers
4489,[CHI] Derrick Rose
4490,Heat
4491,Mavericks
4492,Knicks
4493,Spurs
4494,Cavaliers
4495,Pacers
4496,Suns
4497,Spurs
4498,[OKC] Russell Westbrook
4499,[DAL] Nick Van Exel
4500,Mavericks
4501,Spurs
4502,Pacers
4503,Heat
4504,[MIA] Chris Anderson
4505,West
4506,Warriors
4507,Bulls
4508,Spurs
4509,Celtics
4510,Celtics
4511,Trail Blazers
4512,[MIA] Stephen Curry
4513,Bulls
4514,Timberwolves
4515,Thunder
4516,Lakers
4517,[TOR] Vince Carter
4518,[SAS] Manu Ginobili
4519,Bullets
4520,[NBA] Michael Jordan
4521,Spurs
4522,Pacers
4523,Raptors
4524,Heat
4525,Cavaliers
4526,Spurs
4527,Supersonics
4528,Magic
4529,[MIL] Ricky Pierce
4530,76ers
4531,Rockets
4532,Nets
4533,Bucks
4534,Knicks
4535,[MIA] Dwyane Wade
4536,Bulls
4537,Pacers
4538,Knicks
4539,Mavericks
4540,Rockets
4541,Thunder
4542,Mavericks
4543,Rockets
4544,Timberwolves
4545,Bulls
4546,Bulls
4547,76ers
4548,Nuggets
4549,Heat
4550,Trail Blazers
4551,Pacers
4552,Spurs
4553,Heat
4554,Thunder
4555,Warriors
4556,Kings
4557,Kings
4558,Wizards
4559,Warriors
4560,[SAC] DeMarcus Cousins
4561,Bulls
4562,Spurs
4563,USA
4564,Suns
4565,Vancouver Grizzlies
4566,Heat
4567,Lakers
4568,Spurs
4569,Bulls
4570,Magic
4571,Magic
4572,Bulls
4573,Heat
4574,Cavaliers
4575,Spurs
4576,Thunder
4577,Cavaliers
4578,[HOU] Moochie Norris
4579,Thunder
4580,Mavericks
4581,Hawks
4582,Spurs
4583,Heat
4584,[LAL] Kobe Bryant
4585,Spurs
4586,[NBA] Michael Jordan
4587,Heat
4588,Bulls
4589,Pelicans
4590,Heat
4591,Spurs
4592,Cavaliers
4593,Magic
4594,Clippers
4595,Nuggets
4596,Australia
4597,Bulls
4598,Bulls
4599,Suns
4600,Pacers
4601,Thunder
4602,76ers
4603,Clippers
4604,Spurs
4605,Bulls
4606,Spurs
4607,Kings
4608,Wizards
4609,Bulls
4610,Suns
4611,Thunder
4612,Pistons
4613,Spurs
4614,Suns
4615,Magic
4616,Bucks
4617,Pacers
4618,Thunder
4619,Thunder
4620,Thunder
4621,Spurs
4622,Spurs
4623,Heat
4624,Spurs
4625,Suns
4626,Rockets
4627,Knicks
4628,[PHX] Pat Burke
4629,Warriors
4630,Trail Blazers
4631,USA
4632,Spurs
4633,Celtics
4634,Knicks
4635,Heat
4636,Pacers
4637,Warriors
4638,Rockets
4639,Magic
4640,Warriors
4641,Jason Willams
4642,Suns
4643,Spurs
4644,Spurs
4645,Wizards
4646,76ers
4647,Hornets
4648,Lakers
4649,Warriors
4650,Heat
4651,Pacers
4652,Wizards
4653,Bulls
4654,Wizards
4655,Rockets
4656,Clippers
4657,Pistons
4658,Wizards
4659,Heat
4660,Lakers
4661,Spurs
4662,Lakers
4663,Bulls
4664,Thunder
4665,Spurs
4666,Spurs
4667,Rockets
4668,Celtics
4669,Timberwolves
4670,Cavaliers
4671,NBA
4672,USA
4673,Mavericks
4674,Derrick Rose
4675,Suns
4676,Warriors
4677,Spurs
4678,Spurs
4679,Spurs
4680,Rockets
4681,West
4682,Trail Blazers
4683,Spurs
4684,Bulls
4685,Spurs
4686,Mavericks
4687,Rockets
4688,Lakers
4689,Trail Blazers
4690,Pacers
4691,Thunder
4692,NBA
4693,Bulls
4694,Hawks
4695,Thunder
4696,Spurs
4697,Knicks
4698,Spurs
4699,Knicks
4700,76ers
4701,Kyrie Irving
4702,Spurs
4703,Bulls
4704,Hornets
4705,Bulls
4706,[UTA] Gordon Hayward
4707,Lakers
4708,Spurs
4709,West
4710,Lakers
4711,Kings
4712,Spurs
4713,[TOR] Rudy Gay
4714,Vancouver Grizzlies
4715,Lakers
4716,Raptors
4717,Heat
4718,Knicks
4719,Pacers
4720,Heat
4721,Pacers
4722,Timberwolves
4723,Spurs
4724,Celtics
4725,Spurs
4726,Trail Blazers
4727,Bulls
4728,Spurs
4729,Celtics
4730,Lakers
4731,Heat
4732,Antawn Jamison
4733,Kings
4734,USA
4735,Jazz
4736,[CHI] Luol Deng
4737,Bulls
4738,Pacers
4739,Rockets
4740,Lakers
4741,Spurs
4742,Trail Blazers
4743,Mavs
4744,Celtics
4745,Timberwolves
4746,Hornets
4747,Hornets
4748,Spurs
4749,NBA
4750,Spurs
4751,Bulls
4752,Heat
4753,Rockets
4754,Magic
4755,Knicks
4756,Heat
4757,Heat
4758,Rockets
4759,Bulls
4760,Suns
4761,Pacers
4762,Pacers
4763,Heat
4764,Spurs
4765,NBA
4766,Kings
4767,Knicks
4768,76ers
4769,Pacers
4770,Wizards
4771,San Diego Clippers
4772,Hawks
4773,Spurs
4774,Spurs
4775,Mavericks
4776,Rockets
4777,Australia
4778,Spurs
4779,Rockets
4780,Celtics
4781,Bulls
4782,Spurs
4783,Pelicans
4784,Raptors
4785,Spurs
4786,Bulls
4787,Lakers
4788,Celtics
4789,Mavericks
4790,Bulls
4791,Suns
4792,USA
4793,Lakers
4794,Mavericks
4795,Knicks
4796,Bullets
4797,76ers
4798,Bulls
4799,Pacers
4800,Mavericks
4801,Bulls
4802,Cavaliers
4803,Thunder
4804,Raptors
4805,Spurs
4806,Spurs
4807,Raptors
4808,NBA
4809,Warriors
4810,Mavericks
4811,Hornets
4812,Spurs
4813,Spurs
4814,Warriors
4815,76ers
4816,OKC Hornets
4817,Hornets
4818,Kings
4819,Hornets
4820,Magic
4821,Trail Blazers
4822,Lakers
4823,Mavericks
4824,Spurs
4825,Lakers
4826,Heat
4827,NBA
4828,Spurs
4829,Mavericks
4830,[WAS] John Wall
4831,Lakers
4832,[NYK] Carmelo Anthony
4833,NBA
4834,Celtics
4835,Lakers
4836,Mavericks
4837,Raptors
4838,caindaddy [#69]
4839,Raptors
4840,Suns
4841,Lakers
4842,Knicks
4843,Spurs
4844,NBA
4845,Heat
4846,Lakers
4847,Cavaliers
4848,Timberwolves
4849,Wizards
4850,USA
4851,Lakers
4852,Knicks
4853,NBA
4854,Heat
4855,Trail Blazers
4856,Heat
4857,Celtics
4858,[CLE] Zydrunas Ilgauskas
4859,Cavaliers
4860,Heat
4861,New Jersey Nets
4862,Australia
4863,Kings
4864,Spurs
4865,Bulls
4866,Heat
4867,Raptors
4868,Lakers
4869,Australia
4870,Heat
4871,Pistons
4872,Lakers
4873,Bulls
4874,Mavericks
4875,Heat
4876,Russia
4877,Raptors
4878,Spurs
4879,Clippers
4880,Lakers
4881,Heat
4882,Heat
4883,Spurs
4884,Knicks
4885,Lakers
4886,Clippers
4887,Supersonics
4888,Timberwolves
4889,Spurs
4890,San Diego Clippers
4891,Pacers
4892,[NOP] Anthony Davis
4893,Bulls
4894,Lakers
4895,Mavericks
4896,Thunder
4897,Cavaliers
4898,Bulls
4899,Bulls
4900,Heat
4901,[MIA] LeBron James
4902,[POR] Arvydas Sabonis
4903,Bulls
4904,[LAL] Kobe Bryant
4905,Thunder
4906,Kings
4907,Lakers
4908,New Jersey Nets
4909,Bulls
4910,Spurs
4911,Bulls
4912,Spurs
4913,Celtics
4914,Spurs
4915,Knicks
4916,Raptors
4917,Pacers
4918,Bucks
4919,Raptors
4920,Knicks
4921,Supersonics
4922,Celtics
4923,Clippers
4924,Pelicans
4925,Rockets
4926,Lakers
4927,Hornets
4928,Heat
4929,Warriors
4930,Celtics
4931,Lakers
4932,Pacers
4933,Hornets
4934,Spurs
4935, Spurs
4936,Rockets
4937,Heat
4938,Spurs
4939,New Jersey Nets
4940,USA
4941,Celtics
4942,Celtics
4943,[MIA] LeBron James
4944,Thunder
4945,Heat
4946,Mavericks
4947,Spurs
4948,Heat
4949,Hawks
4950,Nets
4951,[MIA] LeBron James
4952,Raptors
4953,Spurs
4954,Heat
4955,[DAL] Monta Ellis
4956,Heat
4957,Mavericks
4958,Supersonics
4959,Supersonics
4960,76ers
4961,Mavericks
4962,Pacers
4963,76ers
4964,Nets
4965,Hornets
4966,Mavericks
4967,Bucks
4968,NBA
4969,NBA
4970,[NYK] Allan Houston
4971,76ers
4972,Rockets
4973,Wizards
4974,Pacers
4975,Celtics
4976,Lakers
4977,Bulls
4978,Heat
4979,Spurs
4980,Mavs
4981,Lakers
4982,Mavericks
4983,Rockets
4984,Warriors
4985,Wizards
4986,Grizzlies
4987,Thunder
4988,Heat
4989,Suns
4990,Nets
4991,Spurs
4992,Bulls
4993,Nets
4994,Suns
4995,Jazz
4996,Heat
4997,East
4998,Toronto Huskies
4999,Spurs
5000,Pacers
5001,Spurs
5002,Heat
5003,Mavericks
5004,Spurs
5005,Thunder
5006,76ers
5007,Celtics
5008,Lakers
5009,Lakers
5010,Bulls
5011,Celtics
5012,Celtics
5013,Kings
5014,Pacers
5015,Mavericks
5016,[LAL] Kobe Bryant
5017,Bulls
5018,Pacers
5019,Lakers
5020,Suns
5021,Bulls
5022,Mavericks
5023,Suns
5024,Cavaliers
5025,Lakers
5026,NBA
5027,Spurs
5028,Pacers
5029,France
5030,Spurs
5031,Celtics
5032,Heat
5033,76ers
5034,Raptors
5035,[MIA] Steven Adams
5036,Warriors
5037,Timberwolves
5038,Spurs
5039,Spurs
5040,Pacers
5041,Spurs
5042,Mavericks
5043,Heat
5044,Spurs
5045,Spurs
5046,Magic
5047,Magic
5048,Mavs
5049,Kings
5050,Spurs
5051,Lakers
5052,[MIA] LeBron James
5053,Lakers
5054,[TOR] Greivis Vasquez
5055,Bulls
5056,76ers
5057,Trail Blazers
5058,Lakers
5059,[SAS] Kawhi Leonard
5060,Rockets
5061,Spurs
5062,Nets
5063,East
5064,Spurs
5065,Spurs
5066,Knicks
5067,Jason Willams
5068,Supersonics
5069,Lakers
5070,Knicks
5071,Spurs
5072,Celtics
5073,NBA
5074,NBA
5075,Spurs
5076,Spurs
5077,Spurs
5078,Thunder
5079,Thunder
5080,Spurs
5081,Kings
5082,Pacers
5083,USA
5084,Spurs
5085,Spurs
5086,Lakers
5087,Hornets
5088,NBA
5089,Suns
5090,Bulls
5091,Heat
5092,Celtics
5093,Kings
5094,Kings
5095,Charlotte Hornets
5096,Minneapolis Lakers
5097,Spurs
5098,Heat
5099,Heat
5100,Spurs
5101,Bulls
5102,Spurs
5103,Kings
5104,Heat
5105,Raptors
5106,Heat
5107,Charlotte Hornets
5108,Bulls
5109,Supersonics
5110,Spurs
5111,Lakers
5112,Celtics
5113,Cavaliers
5114,Spurs
5115,Warriors
5116,Spurs
5117,Raptors
5118,Nets
5119,Knicks
5120,Charlotte Hornets
5121,[SEA] Ray Allen
5122,Magic
5123,76ers
5124,Spurs
5125,Pacers
5126,Bulls
5127,Trail Blazers
5128,Mavericks
5129,76ers
5130,Celtics
5131,Spurs
5132,Knicks
5133,Raptors
5134,Spurs
5135,Clippers
5136,Rockets
5137,Lakers
5138,Heat
5139,Wizards
5140,Warriors
5141,Spurs
5142,[DAL] Nick Van Exel
5143,Lakers
5144,Supersonics
5145,[POR] LaMarcus Aldridge
5146,Spurs
5147,Pistons
5148,Heat
5149,Heat
5150,NBA
5151,Lakers
5152,Bulls
5153,Lakers
5154,Heat
5155,Cavaliers
5156,Heat
5157,Trail Blazers
5158,Heat
5159,Heat
5160,Mavericks
5161,Grizzlies
5162,Raptors
5163,Lakers
5164,Magic
5165,Clippers
5166,Wizards
5167,Supersonics
5168,Suns
5169,[TOR] Vince Carter
5170,Nigeria
5171,Knicks
5172,Trail Blazers
5173,Raptors
5174,76ers
5175,Lakers
5176,Lakers
5177,[GSW] Wilt Chamberlain
5178,Spurs
5179,Celtics
5180,Heat
5181,Celtics
5182,Heat
5183,Spurs
5184,Knicks
5185,Lakers
5186,Spurs
5187,[SAS] Manu Ginobili
5188,Timberwolves
5189,Rockets
5190,[WAS] Nene
5191,Supersonics
5192,Spurs
5193,Wizards
5194,Supersonics
5195,Spurs
5196,Heat
5197,Celtics
5198,[DEN] Ty Lawson
5199,[LAL] Nick Young
5200,Knicks
5201,Timberwolves
5202,Spurs
5203,Mavericks
5204,Bulls
5205,Supersonics
5206,Raptors
5207,76ers
5208,Raptors
5209,NBA
5210,[LAL] Kobe Bryant
5211,Celtics
5212,Clippers
5213,Bullets
5214,Celtics
5215,Celtics
5216,Raptors
5217,Rockets
5218,Lakers
5219,Spurs
5220,Lakers
5221,Heat
5222,Spurs
5223,Rockets
5224,Celtics
5225,Spurs
5226,76ers
5227,Spurs
5228,Pistons
5229,Clippers
5230,Heat
5231,Spurs
5232,Bulls
5233,Wizards
5234,Kings
5235,Mavericks
5236,Bulls
5237,Pacers
5238,Bulls
5239,Kings
5240,Bulls
5241,Suns
5242,Suns
5243,Pacers
5244,Mavericks
5245,Thunder
5246,Pacers
5247,Clippers
5248,Trail Blazers
5249,Charlotte Hornets
5250,Suns
5251,Nets
5252,Spurs
5253,Heat
5254,Timberwolves
5255,[SEA] Ray Allen
5256,Supersonics
5257,Spurs
5258,Heat
5259,Rockets
5260,76ers
5261,Celtics
5262,Spurs
5263,Bulls
5264,Heat
5265,Lakers
5266,Lakers
5267,Cavaliers
5268,Trail Blazers
5269,Magic
5270,Suns
5271,Pacers
5272,Hornets
5273,Heat
5274,Spurs
5275,Heat
5276,Heat
5277,Heat
5278,Spurs
5279,Pacers
5280,Mavericks
5281,Celtics
5282,[SAS] Tim Duncan
5283,Heat
5284,Pistons
5285,Rockets
5286,Clippers
5287,Heat
5288,Raptors
5289,Knicks
5290,Raptors
5291,Thunder
5292,NBA
5293,Heat
5294,Knicks
5295,[CHI] Jimmy Butler
